,math,h,gender,school,age,Exp,spat
1,0,-1,1,1,8,Exp1,NA
2,0,-1,1,4,9,Exp1,NA
3,0,-0.79,1,2,7,Exp1,NA
4,0,-0.75,1,1,8,Exp1,NA
5,0,-0.5,1,4,8,Exp1,NA
6,0,-0.37,1,4,7,Exp1,NA
7,0,-0.2,1,3,9,Exp1,NA
8,0,0.11,1,2,7,Exp1,NA
9,0,0.18,1,1,7,Exp1,NA
10,0,0.2,1,3,8,Exp1,NA
11,0,0.33,1,6,8,Exp1,NA
12,0,0.5,1,1,9,Exp1,NA
13,0,0.53,1,4,8,Exp1,NA
14,0,0.68,1,4,7,Exp1,NA
15,0,0.75,1,4,9,Exp1,NA
16,0,0.76,1,3,8,Exp1,NA
17,0,0.78,1,4,8,Exp1,NA
18,0,0.79,1,1,9,Exp1,NA
19,0,0.79,1,3,9,Exp1,NA
20,0,0.8,1,3,8,Exp1,NA
21,0,0.8,1,4,9,Exp1,NA
22,0,0.8,1,4,9,Exp1,NA
23,0,0.89,1,1,9,Exp1,NA
24,0,0.89,1,2,9,Exp1,NA
25,0,0.9,1,6,8,Exp1,NA
26,0,1,1,2,8,Exp1,NA
27,0,1,1,3,8,Exp1,NA
28,0,1,1,4,8,Exp1,NA
29,0,1,1,4,8,Exp1,NA
30,0,1,1,4,8,Exp1,NA
31,1,-1,1,3,8,Exp1,NA
32,1,-0.7,1,3,8,Exp1,NA
33,1,-0.67,1,4,8,Exp1,NA
34,1,-0.5,1,2,8,Exp1,NA
35,1,-0.5,1,4,7,Exp1,NA
36,1,-0.29,1,4,8,Exp1,NA
37,1,-0.11,1,2,8,Exp1,NA
38,1,0,1,1,8,Exp1,NA
39,1,0.07,1,5,9,Exp1,NA
40,1,0.13,1,5,9,Exp1,NA
41,1,0.3,1,3,8,Exp1,NA
42,1,0.3,1,4,8,Exp1,NA
43,1,0.33,1,2,8,Exp1,NA
44,1,0.37,1,3,8,Exp1,NA
45,1,0.38,1,2,9,Exp1,NA
46,1,0.44,1,4,8,Exp1,NA
47,1,0.47,1,2,9,Exp1,NA
48,1,0.47,1,4,9,Exp1,NA
49,1,0.5,1,2,8,Exp1,NA
50,1,0.5,1,4,9,Exp1,NA
51,1,0.5,1,4,9,Exp1,NA
52,1,0.53,1,2,9,Exp1,NA
53,1,0.56,1,4,8,Exp1,NA
54,1,0.56,1,4,8,Exp1,NA
55,1,0.58,1,1,8,Exp1,NA
56,1,0.58,1,2,7,Exp1,NA
57,1,0.58,1,3,8,Exp1,NA
58,1,0.58,1,6,8,Exp1,NA
59,1,0.65,1,1,9,Exp1,NA
60,1,0.67,1,2,9,Exp1,NA
61,1,0.67,1,6,8,Exp1,NA
62,1,0.68,1,1,9,Exp1,NA
63,1,0.68,1,2,9,Exp1,NA
64,1,0.68,1,2,8,Exp1,NA
65,1,0.73,1,1,8,Exp1,NA
66,1,0.76,1,4,9,Exp1,NA
67,1,0.78,1,3,9,Exp1,NA
68,1,0.79,1,2,9,Exp1,NA
69,1,0.79,1,4,8,Exp1,NA
70,1,0.8,1,4,8,Exp1,NA
71,1,0.86,1,4,8,Exp1,NA
72,1,0.88,1,6,8,Exp1,NA
73,1,0.89,1,4,9,Exp1,NA
74,1,0.89,1,4,9,Exp1,NA
75,1,0.89,1,2,8,Exp1,NA
76,1,0.89,1,3,7,Exp1,NA
77,1,0.9,1,3,8,Exp1,NA
78,1,0.9,1,3,7,Exp1,NA
79,1,0.9,1,4,9,Exp1,NA
80,1,1,1,2,9,Exp1,NA
81,1,1,1,2,9,Exp1,NA
82,1,1,1,2,8,Exp1,NA
83,1,1,1,2,8,Exp1,NA
84,1,1,1,3,8,Exp1,NA
85,1,1,1,3,8,Exp1,NA
86,1,1,1,4,8,Exp1,NA
87,1,1,1,4,8,Exp1,NA
88,1,1,1,4,9,Exp1,NA
89,1,1,1,4,9,Exp1,NA
90,1,1,1,4,9,Exp1,NA
91,1,1,1,5,9,Exp1,NA
92,1,1,1,5,9,Exp1,NA
93,1,1,1,6,7,Exp1,NA
94,1,1,1,6,8,Exp1,NA
95,1,1,1,6,8,Exp1,NA
96,1,1,1,6,9,Exp1,NA
97,2,-0.87,1,5,9,Exp1,NA
98,2,-0.6,1,4,9,Exp1,NA
99,2,-0.5,1,4,9,Exp1,NA
100,2,-0.5,1,4,9,Exp1,NA
101,2,-0.41,1,3,7,Exp1,NA
102,2,-0.25,1,6,9,Exp1,NA
103,2,0,1,3,8,Exp1,NA
104,2,0.05,1,3,8,Exp1,NA
105,2,0.26,1,4,8,Exp1,NA
106,2,0.33,1,4,8,Exp1,NA
107,2,0.37,1,4,8,Exp1,NA
108,2,0.38,1,6,9,Exp1,NA
109,2,0.4,1,6,9,Exp1,NA
110,2,0.41,1,5,9,Exp1,NA
111,2,0.44,1,6,7,Exp1,NA
112,2,0.47,1,4,9,Exp1,NA
113,2,0.5,1,2,9,Exp1,NA
114,2,0.53,1,2,9,Exp1,NA
115,2,0.56,1,1,9,Exp1,NA
116,2,0.56,1,6,9,Exp1,NA
117,2,0.58,1,5,9,Exp1,NA
118,2,0.6,1,2,9,Exp1,NA
119,2,0.63,1,3,8,Exp1,NA
120,2,0.65,1,3,9,Exp1,NA
121,2,0.65,1,4,9,Exp1,NA
122,2,0.67,1,4,9,Exp1,NA
123,2,0.68,1,3,8,Exp1,NA
124,2,0.68,1,5,9,Exp1,NA
125,2,0.68,1,6,9,Exp1,NA
126,2,0.69,1,6,8,Exp1,NA
127,2,0.7,1,3,7,Exp1,NA
128,2,0.71,1,4,8,Exp1,NA
129,2,0.78,1,6,8,Exp1,NA
130,2,0.79,1,2,9,Exp1,NA
131,2,0.79,1,2,9,Exp1,NA
132,2,0.79,1,4,9,Exp1,NA
133,2,0.86,1,4,9,Exp1,NA
134,2,0.87,1,4,9,Exp1,NA
135,2,0.88,1,6,8,Exp1,NA
136,2,0.88,1,2,9,Exp1,NA
137,2,0.88,1,4,9,Exp1,NA
138,2,0.89,1,2,9,Exp1,NA
139,2,0.89,1,1,8,Exp1,NA
140,2,0.89,1,3,9,Exp1,NA
141,2,0.9,1,3,8,Exp1,NA
142,2,1,1,2,8,Exp1,NA
143,2,1,1,3,9,Exp1,NA
144,2,1,1,3,9,Exp1,NA
145,2,1,1,4,9,Exp1,NA
146,3,-0.89,1,3,8,Exp1,NA
147,3,-0.65,1,4,9,Exp1,NA
148,3,-0.47,1,4,8,Exp1,NA
149,3,-0.37,1,2,9,Exp1,NA
150,3,-0.13,1,4,8,Exp1,NA
151,3,0.3,1,6,9,Exp1,NA
152,3,0.47,1,4,9,Exp1,NA
153,3,0.47,1,3,8,Exp1,NA
154,3,0.47,1,4,8,Exp1,NA
155,3,0.5,1,6,9,Exp1,NA
156,3,0.6,1,1,9,Exp1,NA
157,3,0.67,1,2,8,Exp1,NA
158,3,0.67,1,2,8,Exp1,NA
159,3,0.67,1,4,9,Exp1,NA
160,3,0.68,1,4,8,Exp1,NA
161,3,0.76,1,1,8,Exp1,NA
162,3,0.79,1,2,9,Exp1,NA
163,3,0.88,1,2,9,Exp1,NA
164,3,0.89,1,4,9,Exp1,NA
165,3,0.9,1,3,8,Exp1,NA
166,3,0.9,1,6,9,Exp1,NA
167,3,1,1,2,8,Exp1,NA
168,3,1,1,2,8,Exp1,NA
169,3,1,1,2,9,Exp1,NA
170,3,1,1,4,7,Exp1,NA
171,3,1,1,5,9,Exp1,NA
172,3,1,1,6,9,Exp1,NA
173,4,0.33,1,3,9,Exp1,NA
174,4,0.47,1,6,8,Exp1,NA
175,4,0.56,1,3,9,Exp1,NA
176,4,0.7,1,2,9,Exp1,NA
177,4,0.7,1,4,8,Exp1,NA
178,4,0.88,1,3,9,Exp1,NA
179,4,0.9,1,1,9,Exp1,NA
180,4,1,1,1,8,Exp1,NA
181,4,1,1,3,9,Exp1,NA
182,4,1,1,3,9,Exp1,NA
183,4,1,1,3,9,Exp1,NA
184,5,0.22,1,6,9,Exp1,NA
185,5,0.67,1,4,9,Exp1,NA
186,5,1,1,3,8,Exp1,NA
187,5,1,1,6,9,Exp1,NA
188,0,0.3,0,3,9,Exp1,NA
189,0,0.3,0,4,8,Exp1,NA
190,0,0.33,0,1,9,Exp1,NA
191,0,0.33,0,3,8,Exp1,NA
192,0,0.41,0,4,8,Exp1,NA
193,0,0.47,0,4,8,Exp1,NA
194,0,0.5,0,4,9,Exp1,NA
195,0,0.5,0,4,8,Exp1,NA
196,0,0.5,0,4,9,Exp1,NA
197,0,0.58,0,4,8,Exp1,NA
198,0,0.63,0,3,8,Exp1,NA
199,0,0.67,0,6,9,Exp1,NA
200,0,0.67,0,6,8,Exp1,NA
201,0,0.68,0,2,8,Exp1,NA
202,0,0.68,0,4,9,Exp1,NA
203,0,0.69,0,2,7,Exp1,NA
204,0,0.7,0,4,8,Exp1,NA
205,0,0.7,0,6,8,Exp1,NA
206,0,0.76,0,1,9,Exp1,NA
207,0,0.76,0,6,8,Exp1,NA
208,0,0.78,0,2,8,Exp1,NA
209,0,0.78,0,4,8,Exp1,NA
210,0,0.79,0,6,7,Exp1,NA
211,0,0.8,0,1,8,Exp1,NA
212,0,0.8,0,3,8,Exp1,NA
213,0,0.8,0,3,8,Exp1,NA
214,0,0.8,0,3,8,Exp1,NA
215,0,0.8,0,4,8,Exp1,NA
216,0,0.8,0,5,9,Exp1,NA
217,0,0.8,0,6,9,Exp1,NA
218,0,0.88,0,6,8,Exp1,NA
219,0,0.88,0,6,8,Exp1,NA
220,0,0.89,0,6,8,Exp1,NA
221,0,1,0,1,8,Exp1,NA
222,0,1,0,1,8,Exp1,NA
223,0,1,0,1,8,Exp1,NA
224,0,1,0,1,8,Exp1,NA
225,0,1,0,1,8,Exp1,NA
226,0,1,0,2,8,Exp1,NA
227,0,1,0,3,8,Exp1,NA
228,0,1,0,3,8,Exp1,NA
229,0,1,0,3,9,Exp1,NA
230,0,1,0,4,8,Exp1,NA
231,0,1,0,4,9,Exp1,NA
232,0,1,0,4,8,Exp1,NA
233,0,1,0,4,8,Exp1,NA
234,0,1,0,4,7,Exp1,NA
235,0,1,0,5,8,Exp1,NA
236,0,1,0,6,8,Exp1,NA
237,1,-1,0,1,8,Exp1,NA
238,1,-1,0,3,9,Exp1,NA
239,1,-0.89,0,4,9,Exp1,NA
240,1,-0.8,0,2,7,Exp1,NA
241,1,-0.58,0,2,8,Exp1,NA
242,1,-0.5,0,1,9,Exp1,NA
243,1,-0.1,0,5,9,Exp1,NA
244,1,0,0,5,9,Exp1,NA
245,1,0.22,0,3,8,Exp1,NA
246,1,0.3,0,4,8,Exp1,NA
247,1,0.37,0,3,8,Exp1,NA
248,1,0.43,0,2,8,Exp1,NA
249,1,0.5,0,2,8,Exp1,NA
250,1,0.5,0,4,8,Exp1,NA
251,1,0.5,0,4,8,Exp1,NA
252,1,0.5,0,6,8,Exp1,NA
253,1,0.53,0,4,9,Exp1,NA
254,1,0.53,0,6,8,Exp1,NA
255,1,0.56,0,6,8,Exp1,NA
256,1,0.6,0,3,8,Exp1,NA
257,1,0.6,0,4,8,Exp1,NA
258,1,0.6,0,6,8,Exp1,NA
259,1,0.63,0,6,9,Exp1,NA
260,1,0.65,0,6,8,Exp1,NA
261,1,0.65,0,6,9,Exp1,NA
262,1,0.67,0,4,8,Exp1,NA
263,1,0.68,0,6,7,Exp1,NA
264,1,0.7,0,1,9,Exp1,NA
265,1,0.7,0,2,9,Exp1,NA
266,1,0.7,0,3,8,Exp1,NA
267,1,0.7,0,6,9,Exp1,NA
268,1,0.71,0,6,8,Exp1,NA
269,1,0.75,0,1,7,Exp1,NA
270,1,0.75,0,4,9,Exp1,NA
271,1,0.75,0,6,9,Exp1,NA
272,1,0.76,0,2,9,Exp1,NA
273,1,0.76,0,3,8,Exp1,NA
274,1,0.78,0,3,8,Exp1,NA
275,1,0.78,0,4,9,Exp1,NA
276,1,0.79,0,1,9,Exp1,NA
277,1,0.79,0,3,10,Exp1,NA
278,1,0.8,0,2,8,Exp1,NA
279,1,0.8,0,2,9,Exp1,NA
280,1,0.8,0,3,8,Exp1,NA
281,1,0.88,0,3,9,Exp1,NA
282,1,0.88,0,4,9,Exp1,NA
283,1,0.88,0,5,9,Exp1,NA
284,1,0.88,0,2,7,Exp1,NA
285,1,0.89,0,6,7,Exp1,NA
286,1,0.89,0,1,9,Exp1,NA
287,1,0.89,0,6,8,Exp1,NA
288,1,0.9,0,3,8,Exp1,NA
289,1,1,0,1,8,Exp1,NA
290,1,1,0,1,9,Exp1,NA
291,1,1,0,1,8,Exp1,NA
292,1,1,0,1,9,Exp1,NA
293,1,1,0,2,8,Exp1,NA
294,1,1,0,2,8,Exp1,NA
295,1,1,0,3,8,Exp1,NA
296,1,1,0,3,9,Exp1,NA
297,1,1,0,3,8,Exp1,NA
298,1,1,0,3,8,Exp1,NA
299,1,1,0,3,8,Exp1,NA
300,1,1,0,3,8,Exp1,NA
301,1,1,0,4,8,Exp1,NA
302,1,1,0,4,7,Exp1,NA
303,1,1,0,4,7,Exp1,NA
304,1,1,0,4,9,Exp1,NA
305,1,1,0,4,9,Exp1,NA
306,1,1,0,4,8,Exp1,NA
307,1,1,0,5,9,Exp1,NA
308,1,1,0,6,8,Exp1,NA
309,1,1,0,6,8,Exp1,NA
310,2,-1,0,2,9,Exp1,NA
311,2,-0.56,0,4,9,Exp1,NA
312,2,-0.4,0,5,9,Exp1,NA
313,2,-0.33,0,1,9,Exp1,NA
314,2,-0.07,0,3,9,Exp1,NA
315,2,-0.05,0,6,9,Exp1,NA
316,2,0.18,0,4,8,Exp1,NA
317,2,0.25,0,4,9,Exp1,NA
318,2,0.3,0,2,8,Exp1,NA
319,2,0.3,0,2,8,Exp1,NA
320,2,0.3,0,2,8,Exp1,NA
321,2,0.33,0,3,9,Exp1,NA
322,2,0.4,0,2,9,Exp1,NA
323,2,0.4,0,3,8,Exp1,NA
324,2,0.41,0,3,8,Exp1,NA
325,2,0.44,0,2,8,Exp1,NA
326,2,0.44,0,3,8,Exp1,NA
327,2,0.47,0,2,8,Exp1,NA
328,2,0.47,0,2,8,Exp1,NA
329,2,0.5,0,3,8,Exp1,NA
330,2,0.5,0,4,9,Exp1,NA
331,2,0.5,0,6,8,Exp1,NA
332,2,0.53,0,2,9,Exp1,NA
333,2,0.56,0,3,9,Exp1,NA
334,2,0.56,0,3,9,Exp1,NA
335,2,0.56,0,4,8,Exp1,NA
336,2,0.6,0,1,9,Exp1,NA
337,2,0.6,0,2,8,Exp1,NA
338,2,0.6,0,3,9,Exp1,NA
339,2,0.65,0,1,9,Exp1,NA
340,2,0.65,0,5,9,Exp1,NA
341,2,0.68,0,4,9,Exp1,NA
342,2,0.68,0,6,8,Exp1,NA
343,2,0.7,0,6,9,Exp1,NA
344,2,0.76,0,2,8,Exp1,NA
345,2,0.76,0,4,9,Exp1,NA
346,2,0.78,0,2,8,Exp1,NA
347,2,0.79,0,2,8,Exp1,NA
348,2,0.79,0,3,8,Exp1,NA
349,2,0.8,0,2,9,Exp1,NA
350,2,0.87,0,1,9,Exp1,NA
351,2,0.88,0,4,9,Exp1,NA
352,2,0.88,0,6,9,Exp1,NA
353,2,0.89,0,1,9,Exp1,NA
354,2,0.89,0,2,9,Exp1,NA
355,2,0.89,0,3,9,Exp1,NA
356,2,0.89,0,3,9,Exp1,NA
357,2,0.9,0,2,8,Exp1,NA
358,2,1,0,2,8,Exp1,NA
359,2,1,0,2,8,Exp1,NA
360,2,1,0,2,7,Exp1,NA
361,2,1,0,2,7,Exp1,NA
362,2,1,0,2,7,Exp1,NA
363,2,1,0,3,9,Exp1,NA
364,2,1,0,4,8,Exp1,NA
365,2,1,0,4,8,Exp1,NA
366,2,1,0,4,8,Exp1,NA
367,2,1,0,5,8,Exp1,NA
368,2,1,0,6,8,Exp1,NA
369,2,1,0,6,9,Exp1,NA
370,2,1,0,6,8,Exp1,NA
371,2,1,0,6,9,Exp1,NA
372,2,1,0,6,9,Exp1,NA
373,3,-0.76,0,3,9,Exp1,NA
374,3,-0.56,0,3,8,Exp1,NA
375,3,-0.4,0,3,8,Exp1,NA
376,3,-0.2,0,1,8,Exp1,NA
377,3,0.16,0,6,9,Exp1,NA
378,3,0.22,0,4,9,Exp1,NA
379,3,0.22,0,6,9,Exp1,NA
380,3,0.25,0,1,9,Exp1,NA
381,3,0.29,0,4,9,Exp1,NA
382,3,0.33,0,3,9,Exp1,NA
383,3,0.33,0,6,8,Exp1,NA
384,3,0.4,0,3,9,Exp1,NA
385,3,0.5,0,1,8,Exp1,NA
386,3,0.58,0,6,9,Exp1,NA
387,3,0.6,0,3,8,Exp1,NA
388,3,0.6,0,4,8,Exp1,NA
389,3,0.6,0,6,9,Exp1,NA
390,3,0.6,0,6,9,Exp1,NA
391,3,0.65,0,1,9,Exp1,NA
392,3,0.7,0,6,8,Exp1,NA
393,3,0.73,0,2,8,Exp1,NA
394,3,0.75,0,4,8,Exp1,NA
395,3,0.76,0,2,8,Exp1,NA
396,3,0.78,0,4,9,Exp1,NA
397,3,0.78,0,6,8,Exp1,NA
398,3,0.8,0,4,8,Exp1,NA
399,3,0.8,0,4,8,Exp1,NA
400,3,0.88,0,3,9,Exp1,NA
401,3,0.88,0,6,8,Exp1,NA
402,3,1,0,1,8,Exp1,NA
403,3,1,0,2,9,Exp1,NA
404,3,1,0,6,8,Exp1,NA
405,4,-0.7,0,2,9,Exp1,NA
406,4,-0.58,0,2,8,Exp1,NA
407,4,-0.47,0,2,9,Exp1,NA
408,4,0.5,0,2,7,Exp1,NA
409,4,0.65,0,6,9,Exp1,NA
410,4,0.78,0,5,9,Exp1,NA
411,4,1,0,1,9,Exp1,NA
412,4,1,0,6,9,Exp1,NA
413,5,0.58,0,6,9,Exp1,NA
414,0,-1,1,1,8,Exp2,NA
415,0,1,1,1,8,Exp2,NA
416,0,1,1,1,8,Exp2,NA
417,0,1,1,1,8,Exp2,NA
418,0,0.8,0,1,8,Exp2,NA
419,0,1,0,1,8,Exp2,NA
420,0,1,1,3,9,Exp2,NA
421,0,0.8,1,3,8,Exp2,NA
422,0,1,1,3,8,Exp2,NA
423,0,-1,1,3,8,Exp2,NA
424,0,0.2,0,3,7,Exp2,NA
425,0,1,0,3,8,Exp2,NA
426,0,0.2,1,4,8,Exp2,NA
427,0,-0.7,1,4,8,Exp2,NA
428,0,0.9,1,4,8,Exp2,NA
429,0,0.89,0,4,8,Exp2,NA
430,0,0.9,0,4,8,Exp2,NA
431,0,0.8,0,4,9,Exp2,NA
432,0,1,0,4,8,Exp2,NA
433,0,0.8,0,4,8,Exp2,NA
434,0,0.58,0,4,8,Exp2,NA
435,0,0.5,0,4,8,Exp2,NA
436,0,-0.79,0,4,8,Exp2,NA
437,0,0.79,0,7,8,Exp2,NA
438,0,1,0,7,8,Exp2,NA
439,0,1,1,11,9,Exp2,NA
440,0,0.3,1,11,8,Exp2,NA
441,0,1,1,11,8,Exp2,NA
442,0,0.79,0,11,8,Exp2,NA
443,0,0.8,0,11,8,Exp2,NA
444,0,0.56,0,11,9,Exp2,NA
445,0,0.68,1,12,8,Exp2,NA
446,0,1,1,12,8,Exp2,NA
447,0,1,1,12,8,Exp2,NA
448,0,0.65,0,12,8,Exp2,NA
449,0,0.9,0,12,8,Exp2,NA
450,0,-0.9,0,12,8,Exp2,NA
451,0,0.9,0,12,8,Exp2,NA
452,0,0.8,0,12,9,Exp2,NA
453,0,0.7,0,12,9,Exp2,NA
454,0,1,0,12,8,Exp2,NA
455,0,1,1,13,9,Exp2,NA
456,0,0.6,1,13,10,Exp2,NA
457,0,1,0,13,9,Exp2,NA
458,0,0.6,0,13,9,Exp2,NA
459,0,1,0,13,9,Exp2,NA
460,0,0,0,13,9,Exp2,NA
461,0,0.38,0,13,9,Exp2,NA
462,0,1,1,14,8,Exp2,NA
463,0,-1,1,14,8,Exp2,NA
464,0,0.9,1,14,8,Exp2,NA
465,0,1,1,14,9,Exp2,NA
466,0,1,1,14,9,Exp2,NA
467,0,0.76,1,14,9,Exp2,NA
468,0,1,1,14,9,Exp2,NA
469,0,-0.7,0,14,9,Exp2,NA
470,0,1,0,14,8,Exp2,NA
471,0,1,0,14,9,Exp2,NA
472,0,0.7,0,14,8,Exp2,NA
473,0,0.8,0,14,9,Exp2,NA
474,0,1,0,14,8,Exp2,NA
475,0,-0.5,0,14,9,Exp2,NA
476,0,0.37,0,14,10,Exp2,NA
477,0,1,0,14,9,Exp2,NA
478,1,1,1,1,8,Exp2,NA
479,1,1,1,1,8,Exp2,NA
480,1,1,0,1,8,Exp2,NA
481,1,0.9,0,1,8,Exp2,NA
482,1,1,0,1,8,Exp2,NA
483,1,1,0,1,8,Exp2,NA
484,1,1,0,1,8,Exp2,NA
485,1,1,0,1,8,Exp2,NA
486,1,1,1,3,8,Exp2,NA
487,1,-1,1,3,8,Exp2,NA
488,1,0.5,1,3,8,Exp2,NA
489,1,1,1,3,8,Exp2,NA
490,1,1,1,3,8,Exp2,NA
491,1,1,0,3,8,Exp2,NA
492,1,0.65,0,3,7,Exp2,NA
493,1,1,0,3,8,Exp2,NA
494,1,0.79,1,4,8,Exp2,NA
495,1,0.7,1,4,9,Exp2,NA
496,1,0.9,1,4,8,Exp2,NA
497,1,1,1,4,8,Exp2,NA
498,1,1,1,4,8,Exp2,NA
499,1,-0.9,1,4,9,Exp2,NA
500,1,0.8,0,4,8,Exp2,NA
501,1,0.9,0,4,8,Exp2,NA
502,1,-1,0,4,8,Exp2,NA
503,1,1,0,4,8,Exp2,NA
504,1,0.33,0,4,9,Exp2,NA
505,1,-0.1,0,4,8,Exp2,NA
506,1,0.7,0,4,8,Exp2,NA
507,1,0.56,1,7,8,Exp2,NA
508,1,-1,1,7,8,Exp2,NA
509,1,1,1,7,8,Exp2,NA
510,1,1,1,7,8,Exp2,NA
511,1,-0.65,1,7,8,Exp2,NA
512,1,1,1,7,8,Exp2,NA
513,1,0.9,1,7,8,Exp2,NA
514,1,0.63,0,7,8,Exp2,NA
515,1,1,0,7,8,Exp2,NA
516,1,1,0,7,8,Exp2,NA
517,1,0.89,0,7,8,Exp2,NA
518,1,1,0,7,8,Exp2,NA
519,1,1,0,7,8,Exp2,NA
520,1,1,0,7,8,Exp2,NA
521,1,0.76,1,8,8,Exp2,NA
522,1,0.6,1,8,8,Exp2,NA
523,1,0.78,0,8,7,Exp2,NA
524,1,0.6,0,8,7,Exp2,NA
525,1,0.7,0,8,8,Exp2,NA
526,1,0.8,1,11,9,Exp2,NA
527,1,0.3,1,11,9,Exp2,NA
528,1,0.8,1,11,8,Exp2,NA
529,1,0.9,1,11,9,Exp2,NA
530,1,0.5,0,11,8,Exp2,NA
531,1,0.44,0,11,8,Exp2,NA
532,1,-0.6,0,11,8,Exp2,NA
533,1,1,0,11,8,Exp2,NA
534,1,0.68,0,11,9,Exp2,NA
535,1,0.47,0,11,8,Exp2,NA
536,1,1,0,11,8,Exp2,NA
537,1,1,0,11,8,Exp2,NA
538,1,0.6,1,12,8,Exp2,NA
539,1,0.89,1,12,9,Exp2,NA
540,1,-1,1,12,9,Exp2,NA
541,1,0.7,1,12,8,Exp2,NA
542,1,0.11,1,12,8,Exp2,NA
543,1,0.41,1,12,9,Exp2,NA
544,1,0.7,1,12,8,Exp2,NA
545,1,1,1,12,9,Exp2,NA
546,1,1,0,12,9,Exp2,NA
547,1,-0.18,0,12,9,Exp2,NA
548,1,1,0,12,8,Exp2,NA
549,1,0.18,0,12,8,Exp2,NA
550,1,1,0,12,8,Exp2,NA
551,1,0.56,0,12,9,Exp2,NA
552,1,-0.53,0,12,8,Exp2,NA
553,1,0.9,1,13,8,Exp2,NA
554,1,0.8,1,13,10,Exp2,NA
555,1,0.76,1,13,10,Exp2,NA
556,1,0.9,1,13,9,Exp2,NA
557,1,-0.9,0,13,9,Exp2,NA
558,1,1,0,13,9,Exp2,NA
559,1,0.9,0,13,9,Exp2,NA
560,1,0.58,0,13,9,Exp2,NA
561,1,0.3,0,13,10,Exp2,NA
562,1,0.6,1,14,8,Exp2,NA
563,1,1,1,14,9,Exp2,NA
564,1,0.89,1,14,9,Exp2,NA
565,1,-0.7,1,14,8,Exp2,NA
566,1,0.9,1,14,9,Exp2,NA
567,1,0.22,1,14,10,Exp2,NA
568,1,1,1,14,9,Exp2,NA
569,1,-0.9,1,14,10,Exp2,NA
570,1,1,1,14,9,Exp2,NA
571,1,1,1,14,9,Exp2,NA
572,1,1,1,14,10,Exp2,NA
573,1,0.7,0,14,8,Exp2,NA
574,1,1,0,14,8,Exp2,NA
575,1,0.8,0,14,9,Exp2,NA
576,1,1,0,14,8,Exp2,NA
577,1,0.67,0,14,8,Exp2,NA
578,1,-0.3,0,14,9,Exp2,NA
579,1,0.65,0,14,9,Exp2,NA
580,1,1,0,14,10,Exp2,NA
581,1,0.7,0,14,9,Exp2,NA
582,1,0.47,0,14,9,Exp2,NA
583,2,1,0,1,8,Exp2,NA
584,2,1,0,1,8,Exp2,NA
585,2,0.68,0,1,8,Exp2,NA
586,2,1,0,1,8,Exp2,NA
587,2,-0.33,1,3,8,Exp2,NA
588,2,0.7,1,3,9,Exp2,NA
589,2,-0.56,1,3,8,Exp2,NA
590,2,1,1,3,8,Exp2,NA
591,2,0.8,1,3,8,Exp2,NA
592,2,0.33,1,3,8,Exp2,NA
593,2,0.7,0,3,8,Exp2,NA
594,2,0.7,0,3,8,Exp2,NA
595,2,0.13,1,4,8,Exp2,NA
596,2,0.06,1,4,8,Exp2,NA
597,2,0.7,1,4,8,Exp2,NA
598,2,0.41,1,4,8,Exp2,NA
599,2,0.6,0,4,8,Exp2,NA
600,2,0.4,0,4,8,Exp2,NA
601,2,-0.6,0,4,8,Exp2,NA
602,2,0.9,0,4,8,Exp2,NA
603,2,0.78,1,7,8,Exp2,NA
604,2,1,1,7,8,Exp2,NA
605,2,0.89,1,7,8,Exp2,NA
606,2,0.8,1,7,8,Exp2,NA
607,2,1,1,7,8,Exp2,NA
608,2,1,0,7,8,Exp2,NA
609,2,0.58,0,7,8,Exp2,NA
610,2,0.79,0,7,8,Exp2,NA
611,2,1,0,7,8,Exp2,NA
612,2,0.8,1,8,8,Exp2,NA
613,2,1,1,8,9,Exp2,NA
614,2,0.26,0,8,9,Exp2,NA
615,2,0.9,1,11,8,Exp2,NA
616,2,0.16,1,11,8,Exp2,NA
617,2,0.7,1,11,8,Exp2,NA
618,2,1,1,11,8,Exp2,NA
619,2,0.6,0,11,8,Exp2,NA
620,2,0.9,0,11,8,Exp2,NA
621,2,0.79,0,11,9,Exp2,NA
622,2,0.67,0,12,9,Exp2,NA
623,2,0.89,0,12,8,Exp2,NA
624,2,0.65,0,12,9,Exp2,NA
625,2,0.2,1,13,9,Exp2,NA
626,2,1,1,13,8,Exp2,NA
627,2,0.89,1,13,9,Exp2,NA
628,2,0.78,1,13,10,Exp2,NA
629,2,0.58,1,13,9,Exp2,NA
630,2,0,0,13,9,Exp2,NA
631,2,0.7,0,13,9,Exp2,NA
632,2,0.9,0,13,9,Exp2,NA
633,2,-0.5,1,14,8,Exp2,NA
634,2,-0.44,1,14,8,Exp2,NA
635,2,1,1,14,8,Exp2,NA
636,2,1,1,14,8,Exp2,NA
637,2,-0.47,1,14,9,Exp2,NA
638,2,0.9,1,14,10,Exp2,NA
639,2,0.9,1,14,9,Exp2,NA
640,2,0.68,1,14,10,Exp2,NA
641,2,0.8,1,14,9,Exp2,NA
642,2,1,1,14,10,Exp2,NA
643,2,-0.2,1,14,9,Exp2,NA
644,2,0.8,0,14,8,Exp2,NA
645,2,0.7,0,14,9,Exp2,NA
646,2,0.6,0,14,8,Exp2,NA
647,2,0.37,0,14,8,Exp2,NA
648,2,0.67,0,14,9,Exp2,NA
649,2,0.68,0,14,9,Exp2,NA
650,2,0.6,0,14,9,Exp2,NA
651,2,1,0,14,9,Exp2,NA
652,2,0.65,0,14,9,Exp2,NA
653,2,0.67,0,14,9,Exp2,NA
654,3,1,1,1,8,Exp2,NA
655,3,1,0,1,8,Exp2,NA
656,3,1,0,1,8,Exp2,NA
657,3,0.41,1,3,8,Exp2,NA
658,3,-0.6,1,3,8,Exp2,NA
659,3,1,0,3,8,Exp2,NA
660,3,0.68,1,4,9,Exp2,NA
661,3,0.67,1,4,8,Exp2,NA
662,3,1,0,4,8,Exp2,NA
663,3,1,1,7,8,Exp2,NA
664,3,0.79,0,7,8,Exp2,NA
665,3,0.58,1,8,8,Exp2,NA
666,3,0.67,0,8,7,Exp2,NA
667,3,1,1,11,8,Exp2,NA
668,3,1,1,12,9,Exp2,NA
669,3,1,1,12,8,Exp2,NA
670,3,0.4,0,12,8,Exp2,NA
671,3,0.56,1,13,9,Exp2,NA
672,3,1,0,13,9,Exp2,NA
673,3,-0.18,0,13,9,Exp2,NA
674,3,0.89,1,14,8,Exp2,NA
675,3,1,1,14,11,Exp2,NA
676,3,0.9,1,14,9,Exp2,NA
677,3,0.8,1,14,9,Exp2,NA
678,3,-1,1,14,10,Exp2,NA
679,3,1,1,14,9,Exp2,NA
680,3,0.9,1,14,9,Exp2,NA
681,3,0.8,1,14,10,Exp2,NA
682,3,0.7,0,14,8,Exp2,NA
683,3,0.9,0,14,9,Exp2,NA
684,4,0.75,1,4,8,Exp2,NA
685,4,-0.6,1,4,9,Exp2,NA
686,4,1,1,4,9,Exp2,NA
687,4,0.78,0,4,8,Exp2,NA
688,4,0.7,1,7,8,Exp2,NA
689,4,1,1,7,8,Exp2,NA
690,4,0.9,0,7,8,Exp2,NA
691,4,1,1,11,8,Exp2,NA
692,4,0.9,1,12,8,Exp2,NA
693,4,0.25,1,12,9,Exp2,NA
694,4,1,1,12,8,Exp2,NA
695,4,-0.05,1,13,8,Exp2,NA
696,4,0.8,1,13,9,Exp2,NA
697,4,0.9,0,13,10,Exp2,NA
698,4,0.41,0,13,9,Exp2,NA
699,4,1,1,14,8,Exp2,NA
700,4,1,1,14,10,Exp2,NA
701,4,1,0,14,9,Exp2,NA
702,4,0.68,0,14,10,Exp2,NA
703,4,1,0,14,9,Exp2,NA
704,4,0.78,0,14,10,Exp2,NA
705,5,0.58,1,13,9,Exp2,NA
706,5,-0.47,0,13,9,Exp2,NA
707,5,-0.65,1,14,9,Exp2,NA
708,5,0.8,1,14,9,Exp2,NA
709,5,0.6,0,14,10,Exp2,NA
710,6,-0.6,1,13,9,Exp2,NA
711,6,0.78,1,13,9,Exp2,NA
712,6,0.6,1,14,8,Exp2,NA
713,6,0.8,1,14,10,Exp2,NA
714,1,0.9,1,NA,7.08,Exp3,11
715,1,1,0,NA,7.67,Exp3,11
716,2,-0.1,1,NA,6.25,Exp3,8
717,2,0.9,0,NA,6.33,Exp3,14
718,2,1,0,NA,6.33,Exp3,10
719,3,0.6,1,NA,6.25,Exp3,13
720,3,0.8,1,NA,6.5,Exp3,14
721,3,0.9,1,NA,6.42,Exp3,10
722,3,1,1,NA,6.5,Exp3,12
723,3,0.6,0,NA,6.92,Exp3,15
724,3,0.9,0,NA,7.25,Exp3,12
725,3,1,0,NA,6.17,Exp3,14
726,3,1,0,NA,6.75,Exp3,10
727,4,0.4,1,NA,6.75,Exp3,14
728,4,0.8,1,NA,7,Exp3,12
729,4,1,1,NA,6.58,Exp3,12
730,4,0.3,0,NA,6.5,Exp3,16
731,4,0.6,0,NA,6.67,Exp3,13
732,5,-0.8,0,NA,7.08,Exp3,14
733,5,0.7,0,NA,6.58,Exp3,9
734,5,0.8,0,NA,6.33,Exp3,14
735,5,1,0,NA,6.58,Exp3,4
736,6,0.7,1,NA,6.5,Exp3,13
737,6,-0.68,0,NA,6.67,Exp3,16
738,6,0.6,0,NA,6.75,Exp3,12
739,6,0.7,0,NA,6.5,Exp3,13
740,6,0.9,0,NA,6.42,Exp3,15
741,7,0.5,1,NA,6.5,Exp3,11
742,7,0.7,1,NA,6.5,Exp3,15
743,7,0.9,1,NA,6.42,Exp3,11
744,7,1,1,NA,6.67,Exp3,11
745,7,0.3,0,NA,6.42,Exp3,14
746,8,0.9,1,NA,6.17,Exp3,8
747,8,1,1,NA,6.25,Exp3,14
748,8,1,1,NA,6.75,Exp3,5
749,9,-0.6,0,NA,6.25,Exp3,14
750,9,0.5,0,NA,6.25,Exp3,15
751,9,0.89,0,NA,7.33,Exp3,13
752,10,0.9,0,NA,7.83,Exp3,16
753,10,1,0,NA,6.58,Exp3,14
754,10,1,0,NA,7.92,Exp3,13
755,11,0.5,0,NA,7,Exp3,16
756,11,1,0,NA,7.25,Exp3,11
757,12,0.1,1,NA,6.42,Exp3,15
758,12,0.8,1,NA,6.42,Exp3,7
759,12,1,1,NA,8.08,Exp3,14
760,12,1,1,NA,7.17,Exp3,11
761,13,0.6,1,NA,7.5,Exp3,10
762,13,0.8,1,NA,8,Exp3,14
763,13,0.9,1,NA,8.08,Exp3,15
764,13,1,1,NA,7.75,Exp3,15
765,13,1,1,NA,7.08,Exp3,16
766,13,0.6,0,NA,7.08,Exp3,14
767,14,-1,1,NA,7.33,Exp3,15
768,14,0.68,1,NA,8,Exp3,14
769,14,0.5,0,NA,6.83,Exp3,13
770,14,0.7,0,NA,6.83,Exp3,15
771,14,0.8,0,NA,6.67,Exp3,15
772,14,0.8,0,NA,6.5,Exp3,14
773,15,0.2,1,NA,6.25,Exp3,8
774,15,1,1,NA,7.75,Exp3,16
775,15,1,0,NA,8.33,Exp3,16
776,16,0.6,1,NA,6.67,Exp3,15
777,16,0.8,0,NA,6.25,Exp3,12
778,16,1,0,NA,7.58,Exp3,16
779,17,-0.06,1,NA,7.75,Exp3,13
780,17,0.7,1,NA,7.92,Exp3,15
781,17,0.9,1,NA,7.42,Exp3,15
782,17,1,1,NA,8.08,Exp3,13
783,18,0.3,0,NA,7.17,Exp3,16
784,19,1,1,NA,8.67,Exp3,13
785,19,0.47,0,NA,7.25,Exp3,15
786,19,0.68,0,NA,8,Exp3,13
787,19,0.76,0,NA,8.17,Exp3,12
788,19,0.8,0,NA,8.33,Exp3,16
789,19,1,0,NA,7.42,Exp3,16
790,20,0,1,NA,7.58,Exp3,12
791,20,0.68,1,NA,8.17,Exp3,13
792,20,0.89,1,NA,8.17,Exp3,9
793,20,0,0,NA,9.33,Exp3,3
794,20,0.2,0,NA,7.92,Exp3,14
795,20,0.6,0,NA,7.25,Exp3,15
796,20,0.67,0,NA,7.08,Exp3,16
797,21,-1,1,NA,7.17,Exp3,9
798,21,0.47,1,NA,7.5,Exp3,15
799,21,0.6,1,NA,8.5,Exp3,14
800,21,0.8,1,NA,8.33,Exp3,8
801,21,0.8,1,NA,7.42,Exp3,10
802,21,1,1,NA,8.5,Exp3,14
803,21,0.8,0,NA,7.08,Exp3,12
804,22,-1,1,NA,8.42,Exp3,9
805,22,1,1,NA,8.75,Exp3,13
806,22,1,1,NA,8.25,Exp3,12
807,22,-0.68,0,NA,8.5,Exp3,16
808,22,0.37,0,NA,8.17,Exp3,14
809,23,0.38,1,NA,8.92,Exp3,13
810,23,0.44,1,NA,7.42,Exp3,16
811,23,0.5,1,NA,7.92,Exp3,13
812,23,0.53,1,NA,7.92,Exp3,12
813,23,0.7,1,NA,7.83,Exp3,15
814,23,0.88,1,NA,9,Exp3,16
815,23,0.9,1,NA,7.42,Exp3,14
816,23,0.6,0,NA,8.42,Exp3,13
817,23,0.75,0,NA,7.75,Exp3,16
818,23,1,0,NA,8.17,Exp3,16
819,23,1,0,NA,7.75,Exp3,16
820,24,-0.47,1,NA,7.42,Exp3,12
821,24,0.44,1,NA,8.5,Exp3,16
822,24,0.67,1,NA,7.17,Exp3,15
823,24,0.8,1,NA,8,Exp3,16
824,24,0.89,1,NA,7.92,Exp3,14
825,24,-0.7,0,NA,9.08,Exp3,16
826,24,0.5,0,NA,8.83,Exp3,16
827,24,0.6,0,NA,9,Exp3,14
828,24,0.75,0,NA,9.08,Exp3,15
829,24,0.79,0,NA,9.17,Exp3,11
830,24,1,0,NA,8.17,Exp3,11
831,25,-1,1,NA,7.5,Exp3,14
832,25,0.06,1,NA,8.67,Exp3,16
833,25,0.79,1,NA,8.67,Exp3,16
834,25,0.88,1,NA,8.92,Exp3,16
835,25,-0.8,0,NA,8.67,Exp3,14
836,25,0.41,0,NA,8.5,Exp3,15
837,25,0.47,0,NA,9,Exp3,13
838,25,0.56,0,NA,8.67,Exp3,14
839,25,0.65,0,NA,7.75,Exp3,15
840,25,0.65,0,NA,8.25,Exp3,15
841,25,0.67,0,NA,8.08,Exp3,15
842,25,0.68,0,NA,7.75,Exp3,16
843,25,0.68,0,NA,8.42,Exp3,11
844,25,0.79,0,NA,7.92,Exp3,16
845,25,0.8,0,NA,7.75,Exp3,15
846,25,1,0,NA,8.08,Exp3,15
847,25,1,0,NA,8.17,Exp3,16
848,26,-0.29,1,NA,8.75,Exp3,16
849,26,0.23,1,NA,8.42,Exp3,15
850,26,0.65,1,NA,8.58,Exp3,16
851,26,0.78,1,NA,8.5,Exp3,15
852,26,0.9,1,NA,8.5,Exp3,13
853,26,1,1,NA,8.75,Exp3,15
854,26,-0.68,0,NA,9.17,Exp3,15
855,26,0.33,0,NA,8.25,Exp3,16
856,26,0.47,0,NA,8.17,Exp3,16
857,26,0.67,0,NA,7.75,Exp3,16
858,26,0.67,0,NA,9.08,Exp3,16
859,26,0.9,0,NA,8.67,Exp3,16
860,26,0.9,0,NA,8.42,Exp3,15
861,26,1,0,NA,9,Exp3,16
862,26,1,0,NA,8.33,Exp3,13
863,27,0.5,1,NA,8.58,Exp3,14
864,27,0.58,1,NA,8.42,Exp3,16
865,27,0.7,1,NA,8.42,Exp3,14
866,27,0.79,1,NA,7.83,Exp3,16
867,27,0.88,1,NA,8.17,Exp3,16
868,27,0.89,1,NA,8.83,Exp3,16
869,27,0.89,1,NA,8.83,Exp3,16
870,27,0.9,1,NA,8.75,Exp3,15
871,27,0.4,0,NA,9.17,Exp3,15
872,27,0.6,0,NA,8.92,Exp3,15
873,27,0.68,0,NA,8.92,Exp3,14
874,27,0.7,0,NA,8.67,Exp3,15
875,27,0.89,0,NA,8.92,Exp3,16
876,26,-1,1,1,6,Exp4,15
877,5,-1,1,1,6,Exp4,11
878,20,-1,1,3,6,Exp4,11
879,12,-1,1,3,6,Exp4,13
880,18,-1,1,6,6,Exp4,14
881,16,-1,1,6,7,Exp4,11
882,24,-1,1,6,6,Exp4,14
883,19,-1,1,6,7,Exp4,14
884,19,-0.9,1,1,6,Exp4,11
885,17,-0.8,1,3,6,Exp4,11
886,20,-0.8,1,3,6,Exp4,14
887,25,-0.8,1,4,6,Exp4,14
888,15,-0.8,1,6,7,Exp4,8
889,25,-0.65,1,6,6,Exp4,16
890,25,-0.5,1,1,7,Exp4,15
891,24,-0.5,1,6,7,Exp4,14
892,10,-0.4,1,4,7,Exp4,5
893,26,-0.4,1,6,7,Exp4,16
894,24,-0.33,1,2,6,Exp4,13
895,0,-0.3,1,1,6,Exp4,10
896,15,0,1,6,7,Exp4,10
897,26,0,1,6,7,Exp4,15
898,21,0.2,1,6,7,Exp4,13
899,19,0.25,1,4,6,Exp4,13
900,17,0.33,1,6,7,Exp4,11
901,26,0.37,1,2,7,Exp4,8
902,26,0.37,1,4,6,Exp4,16
903,16,0.4,1,6,6,Exp4,10
904,26,0.44,1,2,6,Exp4,12
905,15,0.47,1,4,6,Exp4,10
906,22,0.5,1,1,6,Exp4,15
907,25,0.5,1,2,6,Exp4,15
908,16,0.5,1,4,6,Exp4,10
909,22,0.56,1,3,7,Exp4,14
910,23,0.58,1,1,6,Exp4,14
911,22,0.58,1,1,7,Exp4,11
912,22,0.58,1,6,6,Exp4,16
913,26,0.58,1,6,7,Exp4,11
914,21,0.6,1,2,6,Exp4,13
915,22,0.6,1,2,7,Exp4,13
916,25,0.6,1,2,7,Exp4,16
917,11,0.6,1,3,6,Exp4,6
918,17,0.6,1,3,6,Exp4,10
919,19,0.6,1,4,7,Exp4,12
920,15,0.6,1,6,6,Exp4,2
921,25,0.64,1,2,6,Exp4,8
922,17,0.67,1,3,6,Exp4,13
923,26,0.68,1,4,7,Exp4,15
924,14,0.68,1,6,7,Exp4,8
925,25,0.7,1,1,6,Exp4,15
926,20,0.7,1,3,6,Exp4,9
927,11,0.7,1,4,6,Exp4,6
928,20,0.7,1,6,6,Exp4,15
929,25,0.7,1,6,7,Exp4,13
930,24,0.76,1,3,7,Exp4,16
931,18,0.76,1,6,6,Exp4,9
932,26,0.78,1,2,7,Exp4,2
933,26,0.78,1,2,6,Exp4,16
934,18,0.78,1,6,6,Exp4,14
935,26,0.78,1,6,7,Exp4,14
936,20,0.78,1,6,6,Exp4,9
937,7,0.79,1,3,6,Exp4,2
938,26,0.79,1,4,7,Exp4,14
939,20,0.79,1,6,6,Exp4,14
940,25,0.8,1,1,6,Exp4,2
941,25,0.8,1,2,6,Exp4,16
942,26,0.8,1,2,7,Exp4,16
943,25,0.8,1,2,6,Exp4,14
944,23,0.8,1,2,6,Exp4,10
945,7,0.8,1,4,8,Exp4,13
946,16,0.8,1,6,7,Exp4,13
947,16,0.8,1,6,7,Exp4,9
948,12,0.8,1,6,8,Exp4,5
949,22,0.88,1,4,6,Exp4,15
950,21,0.88,1,6,7,Exp4,13
951,21,0.89,1,3,6,Exp4,12
952,22,0.89,1,6,7,Exp4,7
953,19,0.9,1,1,6,Exp4,5
954,26,0.9,1,4,7,Exp4,11
955,20,0.9,1,4,7,Exp4,9
956,20,0.9,1,6,7,Exp4,10
957,23,1,1,1,6,Exp4,16
958,23,1,1,1,7,Exp4,14
959,7,1,1,1,6,Exp4,3
960,17,1,1,1,6,Exp4,13
961,18,1,1,1,6,Exp4,15
962,25,1,1,1,6,Exp4,12
963,18,1,1,1,6,Exp4,10
964,23,1,1,1,6,Exp4,14
965,16,1,1,1,7,Exp4,15
966,25,1,1,1,6,Exp4,16
967,26,1,1,2,6,Exp4,14
968,24,1,1,2,6,Exp4,16
969,25,1,1,2,7,Exp4,9
970,20,1,1,2,7,Exp4,13
971,22,1,1,2,6,Exp4,14
972,22,1,1,2,6,Exp4,7
973,0,1,1,3,6,Exp4,10
974,4,1,1,3,6,Exp4,10
975,13,1,1,3,6,Exp4,10
976,9,1,1,3,7,Exp4,15
977,18,1,1,3,7,Exp4,15
978,9,1,1,3,7,Exp4,15
979,19,1,1,3,6,Exp4,4
980,22,1,1,4,6,Exp4,15
981,20,1,1,4,6,Exp4,16
982,20,1,1,4,7,Exp4,16
983,10,1,1,4,6,Exp4,14
984,11,1,1,4,7,Exp4,14
985,16,1,1,4,6,Exp4,13
986,13,1,1,4,6,Exp4,11
987,18,1,1,4,6,Exp4,12
988,25,1,1,4,6,Exp4,16
989,22,1,1,4,6,Exp4,11
990,19,1,1,4,6,Exp4,12
991,26,1,1,4,7,Exp4,14
992,18,1,1,6,6,Exp4,16
993,12,1,1,6,6,Exp4,12
994,20,1,1,6,6,Exp4,10
995,18,1,1,6,7,Exp4,13
996,16,1,1,6,7,Exp4,3
997,13,1,1,6,7,Exp4,11
998,25,1,1,6,7,Exp4,8
999,25,1,1,6,6,Exp4,9
1000,12,1,1,6,6,Exp4,9
1001,14,1,1,6,6,Exp4,6
1002,23,1,1,6,7,Exp4,15
1003,11,1,1,6,7,Exp4,5
1004,24,1,1,6,7,Exp4,12
1005,12,1,1,6,7,Exp4,3
1006,19,1,1,6,6,Exp4,6
1007,19,1,1,6,6,Exp4,12
1008,14,1,1,6,8,Exp4,10
1009,20,1,1,6,6,Exp4,5
1010,18,1,1,6,6,Exp4,9
1011,20,1,1,6,7,Exp4,13
1012,14,1,1,6,6,Exp4,10
1013,18,1,1,6,7,Exp4,5
1014,22,1,1,6,7,Exp4,12
1015,12,1,1,6,6,Exp4,1
1016,18,1,1,6,6,Exp4,9
1017,24,1,1,6,6,Exp4,16
1018,25,1,1,6,6,Exp4,13
1019,24,1,1,6,6,Exp4,16
1020,22,1,1,6,7,Exp4,15
1021,16,1,1,6,6,Exp4,13
1022,16,1,1,6,6,Exp4,11
1023,18,1,1,6,6,Exp4,16
1024,22,1,1,6,6,Exp4,14
1025,26,1,1,6,7,Exp4,15
1026,22,1,1,6,7,Exp4,14
1027,20,1,1,6,7,Exp4,12
1028,26,-1,1,6,7,Exp4,12
1029,25,-1,1,6,7,Exp4,14
1030,25,-1,1,6,7,Exp4,15
1031,24,-1,1,6,8,Exp4,8
1032,14,-1,1,1,7,Exp4,5
1033,24,-0.9,1,4,7,Exp4,12
1034,20,-0.9,1,6,7,Exp4,13
1035,23,-0.89,1,4,8,Exp4,14
1036,25,-0.89,1,6,7,Exp4,15
1037,23,-0.89,1,1,7,Exp4,9
1038,26,-0.8,1,4,7,Exp4,5
1039,19,-0.69,1,6,7,Exp4,5
1040,25,-0.6,1,6,7,Exp4,15
1041,24,-0.56,1,6,8,Exp4,15
1042,24,-0.5,1,4,8,Exp4,14
1043,25,-0.47,1,4,8,Exp4,16
1044,25,-0.4,1,4,8,Exp4,13
1045,22,-0.2,1,6,7,Exp4,5
1046,26,-0.1,1,1,7,Exp4,14
1047,25,-0.06,1,6,7,Exp4,15
1048,25,0,1,6,8,Exp4,14
1049,19,0.11,1,6,8,Exp4,15
1050,25,0.16,1,4,7,Exp4,15
1051,22,0.16,1,6,7,Exp4,14
1052,18,0.25,1,6,8,Exp4,12
1053,22,0.26,1,6,7,Exp4,15
1054,16,0.26,1,6,7,Exp4,16
1055,25,0.29,1,6,7,Exp4,16
1056,23,0.29,1,1,7,Exp4,5
1057,26,0.3,1,4,7,Exp4,2
1058,23,0.3,1,6,7,Exp4,14
1059,24,0.3,1,1,7,Exp4,16
1060,25,0.33,1,4,8,Exp4,13
1061,23,0.33,1,6,7,Exp4,13
1062,26,0.37,1,4,7,Exp4,16
1063,26,0.37,1,4,7,Exp4,16
1064,19,0.37,1,6,8,Exp4,13
1065,23,0.37,1,1,7,Exp4,7
1066,25,0.38,1,6,7,Exp4,14
1067,26,0.4,1,4,7,Exp4,15
1068,25,0.4,1,6,7,Exp4,16
1069,25,0.41,1,6,8,Exp4,14
1070,26,0.43,1,6,7,Exp4,13
1071,26,0.44,1,4,7,Exp4,16
1072,26,0.44,1,4,8,Exp4,16
1073,25,0.47,1,4,7,Exp4,16
1074,23,0.47,1,6,7,Exp4,15
1075,24,0.47,1,6,7,Exp4,15
1076,26,0.47,1,1,8,Exp4,15
1077,26,0.47,1,1,7,Exp4,13
1078,23,0.5,1,6,7,Exp4,16
1079,20,0.5,1,1,7,Exp4,15
1080,26,0.53,1,4,8,Exp4,14
1081,26,0.53,1,1,8,Exp4,16
1082,26,0.53,1,1,7,Exp4,16
1083,24,0.56,1,6,8,Exp4,4
1084,25,0.6,1,4,7,Exp4,13
1085,26,0.6,1,4,8,Exp4,15
1086,21,0.6,1,6,7,Exp4,9
1087,22,0.6,1,6,7,Exp4,16
1088,22,0.6,1,1,7,Exp4,11
1089,26,0.6,1,1,8,Exp4,15
1090,25,0.63,1,4,7,Exp4,16
1091,16,0.63,1,1,7,Exp4,14
1092,26,0.67,1,6,7,Exp4,14
1093,25,0.7,1,4,7,Exp4,16
1094,26,0.7,1,4,7,Exp4,12
1095,26,0.7,1,4,7,Exp4,15
1096,20,0.7,1,6,8,Exp4,15
1097,24,0.7,1,1,7,Exp4,14
1098,24,0.7,1,1,7,Exp4,10
1099,26,0.71,1,4,7,Exp4,15
1100,25,0.75,1,6,7,Exp4,16
1101,24,0.75,1,1,7,Exp4,14
1102,25,0.76,1,6,8,Exp4,14
1103,23,0.76,1,1,8,Exp4,16
1104,26,0.78,1,6,7,Exp4,12
1105,20,0.78,1,6,7,Exp4,14
1106,23,0.78,1,6,8,Exp4,14
1107,25,0.79,1,4,7,Exp4,14
1108,25,0.79,1,4,7,Exp4,13
1109,25,0.79,1,6,7,Exp4,14
1110,26,0.79,1,6,7,Exp4,16
1111,26,0.79,1,6,7,Exp4,16
1112,24,0.79,1,6,7,Exp4,15
1113,13,0.79,1,1,8,Exp4,10
1114,22,0.79,1,1,7,Exp4,12
1115,25,0.79,1,1,8,Exp4,15
1116,24,0.8,1,4,7,Exp4,14
1117,22,0.8,1,4,8,Exp4,14
1118,21,0.8,1,6,7,Exp4,16
1119,16,0.8,1,6,7,Exp4,15
1120,11,0.8,1,6,7,Exp4,13
1121,26,0.8,1,1,8,Exp4,12
1122,25,0.8,1,1,8,Exp4,12
1123,26,0.8,1,1,8,Exp4,13
1124,20,0.88,1,4,7,Exp4,15
1125,25,0.88,1,6,7,Exp4,11
1126,25,0.89,1,6,7,Exp4,14
1127,25,0.9,1,4,7,Exp4,13
1128,26,0.9,1,4,7,Exp4,12
1129,24,0.9,1,4,7,Exp4,13
1130,23,0.9,1,4,8,Exp4,16
1131,26,0.9,1,6,7,Exp4,14
1132,25,0.9,1,6,9,Exp4,15
1133,26,0.9,1,6,8,Exp4,16
1134,24,0.9,1,6,7,Exp4,14
1135,25,0.9,1,6,8,Exp4,15
1136,22,0.9,1,6,7,Exp4,14
1137,26,0.9,1,1,7,Exp4,14
1138,23,1,1,4,7,Exp4,10
1139,25,1,1,4,8,Exp4,15
1140,24,1,1,4,8,Exp4,13
1141,25,1,1,4,7,Exp4,12
1142,25,1,1,4,8,Exp4,14
1143,25,1,1,4,7,Exp4,16
1144,23,1,1,4,8,Exp4,15
1145,25,1,1,4,8,Exp4,14
1146,26,1,1,4,8,Exp4,14
1147,26,1,1,4,8,Exp4,16
1148,21,1,1,4,7,Exp4,14
1149,24,1,1,4,8,Exp4,15
1150,22,1,1,4,8,Exp4,16
1151,24,1,1,6,7,Exp4,16
1152,25,1,1,6,8,Exp4,14
1153,25,1,1,6,8,Exp4,13
1154,25,1,1,6,7,Exp4,14
1155,19,1,1,6,8,Exp4,15
1156,23,1,1,6,8,Exp4,14
1157,25,1,1,6,7,Exp4,15
1158,22,1,1,6,8,Exp4,13
1159,23,1,1,6,7,Exp4,15
1160,22,1,1,6,7,Exp4,13
1161,14,1,1,6,8,Exp4,13
1162,25,1,1,6,7,Exp4,15
1163,10,1,1,6,8,Exp4,16
1164,25,1,1,6,8,Exp4,14
1165,25,1,1,6,8,Exp4,14
1166,25,1,1,6,7,Exp4,16
1167,19,1,1,6,7,Exp4,14
1168,15,1,1,6,8,Exp4,12
1169,10,1,1,6,7,Exp4,12
1170,25,1,1,6,8,Exp4,12
1171,25,1,1,6,7,Exp4,14
1172,24,1,1,1,7,Exp4,16
1173,20,1,1,1,7,Exp4,13
1174,25,1,1,1,8,Exp4,16
1175,21,1,1,1,7,Exp4,10
1176,18,1,1,1,7,Exp4,13
1177,24,1,1,1,7,Exp4,8
1178,25,1,1,1,8,Exp4,14
1179,25.5,-1,1,1,8,Exp4,16
1180,22.5,-1,1,4,9,Exp4,7
1181,24.5,-1,1,4,9,Exp4,13
1182,25,-1,1,3,8,Exp4,15
1183,25.5,-0.9,1,4,8,Exp4,15
1184,26,-0.88,1,2,8,Exp4,15
1185,26,-0.87,1,3,9,Exp4,15
1186,25,-0.67,1,4,8,Exp4,10
1187,25.5,-0.47,1,4,8,Exp4,14
1188,24,-0.33,1,1,8,Exp4,13
1189,16,-0.22,1,3,8,Exp4,16
1190,25.5,-0.14,1,3,8,Exp4,16
1191,25,-0.06,1,3,8,Exp4,15
1192,24.5,0,1,5,9,Exp4,14
1193,25.5,0.05,1,3,8,Exp4,16
1194,25,0.13,1,3,8,Exp4,16
1195,25.5,0.16,1,1,9,Exp4,15
1196,26,0.29,1,1,8,Exp4,16
1197,25,0.33,1,1,8,Exp4,14
1198,25.5,0.33,1,1,8,Exp4,14
1199,25,0.33,1,4,8,Exp4,13
1200,24.5,0.33,1,2,8,Exp4,16
1201,26,0.37,1,4,8,Exp4,15
1202,26,0.38,1,4,8,Exp4,16
1203,25.5,0.38,1,2,9,Exp4,16
1204,24.5,0.47,1,1,8,Exp4,15
1205,20,0.47,1,2,8,Exp4,14
1206,25,0.5,1,1,8,Exp4,14
1207,24.5,0.5,1,2,9,Exp4,13
1208,25.5,0.5,1,3,8,Exp4,15
1209,22.5,0.5,1,3,8,Exp4,16
1210,24.5,0.5,1,5,8,Exp4,10
1211,25,0.5,1,5,8,Exp4,14
1212,25.5,0.56,1,1,8,Exp4,16
1213,24.5,0.56,1,3,10,Exp4,15
1214,17,0.58,1,1,8,Exp4,15
1215,25,0.58,1,4,8,Exp4,14
1216,23,0.6,1,4,8,Exp4,15
1217,25.5,0.6,1,4,9,Exp4,14
1218,24.5,0.6,1,3,8,Exp4,16
1219,25,0.63,1,1,8,Exp4,8
1220,26,0.65,1,1,8,Exp4,16
1221,25,0.65,1,2,8,Exp4,14
1222,23.5,0.65,1,5,9,Exp4,16
1223,25.5,0.67,1,3,8,Exp4,15
1224,25,0.67,1,3,9,Exp4,13
1225,25,0.67,1,5,9,Exp4,15
1226,13.5,0.68,1,1,8,Exp4,15
1227,24,0.68,1,1,8,Exp4,4
1228,26,0.68,1,4,8,Exp4,15
1229,24.5,0.68,1,3,8,Exp4,16
1230,25,0.68,1,3,8,Exp4,15
1231,25,0.68,1,3,9,Exp4,15
1232,22.5,0.68,1,5,9,Exp4,15
1233,25.5,0.7,1,1,9,Exp4,15
1234,23.5,0.7,1,4,8,Exp4,14
1235,25.5,0.7,1,4,9,Exp4,11
1236,23.5,0.7,1,4,8,Exp4,11
1237,19,0.7,1,2,8,Exp4,11
1238,25,0.7,1,5,9,Exp4,16
1239,23.5,0.76,1,2,9,Exp4,11
1240,24.5,0.76,1,5,8,Exp4,16
1241,20.5,0.78,1,1,8,Exp4,14
1242,25,0.79,1,2,8,Exp4,14
1243,21.5,0.79,1,2,9,Exp4,6
1244,25,0.8,1,1,8,Exp4,16
1245,25.5,0.8,1,4,8,Exp4,11
1246,25.5,0.8,1,5,8,Exp4,16
1247,26,0.88,1,1,9,Exp4,16
1248,24,0.88,1,2,8,Exp4,15
1249,26,0.88,1,2,8,Exp4,16
1250,25.5,0.88,1,3,9,Exp4,15
1251,25,0.89,1,1,9,Exp4,16
1252,25.5,0.89,1,4,8,Exp4,14
1253,24,0.89,1,2,8,Exp4,15
1254,26,0.89,1,3,8,Exp4,15
1255,24.5,0.89,1,3,8,Exp4,14
1256,24.5,0.89,1,5,8,Exp4,14
1257,23,0.9,1,4,8,Exp4,5
1258,25,0.9,1,4,8,Exp4,15
1259,18.5,0.9,1,4,9,Exp4,11
1260,25,0.9,1,4,8,Exp4,16
1261,25.5,0.9,1,2,8,Exp4,16
1262,24.5,0.9,1,3,9,Exp4,14
1263,25,0.9,1,3,8,Exp4,16
1264,25.5,1,1,1,8,Exp4,14
1265,26,1,1,1,8,Exp4,9
1266,25,1,1,4,8,Exp4,14
1267,25,1,1,4,9,Exp4,9
1268,25.5,1,1,4,8,Exp4,16
1269,25,1,1,4,8,Exp4,14
1270,23.5,1,1,4,8,Exp4,13
1271,25.5,1,1,4,8,Exp4,14
1272,20.5,1,1,4,8,Exp4,14
1273,25,1,1,4,9,Exp4,15
1274,24,1,1,4,9,Exp4,13
1275,23,1,1,4,9,Exp4,10
1276,26,1,1,4,8,Exp4,15
1277,25.5,1,1,4,9,Exp4,13
1278,22,1,1,2,9,Exp4,12
1279,25,1,1,2,8,Exp4,15
1280,25,1,1,2,8,Exp4,14
1281,20,1,1,3,8,Exp4,14
1282,25.5,1,1,3,8,Exp4,14
1283,24.5,1,1,3,8,Exp4,15
1284,25,1,1,3,8,Exp4,15
1285,24.5,1,1,3,8,Exp4,14
1286,24.5,1,1,3,8,Exp4,15
1287,24,1,1,5,9,Exp4,15
1288,24,1,1,5,9,Exp4,11
1289,24,1,1,5,9,Exp4,16
1290,22,1,1,5,9,Exp4,13
1291,16.5,1,1,5,8,Exp4,15
1292,24,1,1,5,9,Exp4,15
1293,22,-1,0,2,6,Exp4,10
1294,20,-1,0,4,6,Exp4,16
1295,17,-1,0,6,6,Exp4,16
1296,8,-1,0,6,7,Exp4,9
1297,23,-1,0,6,6,Exp4,16
1298,21,-0.9,0,1,6,Exp4,13
1299,12,-0.9,0,6,7,Exp4,15
1300,22,-0.87,0,3,6,Exp4,10
1301,25,-0.6,0,2,6,Exp4,15
1302,21,-0.26,0,4,6,Exp4,10
1303,7,-0.16,0,2,6,Exp4,11
1304,16,-0.11,0,6,6,Exp4,13
1305,21,0,0,1,6,Exp4,13
1306,14,0,0,3,7,Exp4,14
1307,21,0,0,4,6,Exp4,13
1308,19,0,0,6,6,Exp4,12
1309,23,0,0,6,6,Exp4,14
1310,15,0.29,0,4,6,Exp4,13
1311,23,0.3,0,1,6,Exp4,14
1312,12,0.3,0,2,6,Exp4,12
1313,19,0.33,0,4,6,Exp4,15
1314,21,0.38,0,1,6,Exp4,15
1315,26,0.38,0,4,6,Exp4,14
1316,23,0.4,0,6,7,Exp4,14
1317,18,0.44,0,4,6,Exp4,12
1318,25,0.5,0,1,6,Exp4,14
1319,26,0.5,0,2,7,Exp4,16
1320,24,0.58,0,6,6,Exp4,15
1321,19,0.6,0,3,7,Exp4,15
1322,25,0.6,0,4,7,Exp4,15
1323,17,0.6,0,6,6,Exp4,12
1324,22,0.6,0,6,7,Exp4,16
1325,18,0.65,0,6,6,Exp4,14
1326,18,0.65,0,6,6,Exp4,14
1327,18,0.65,0,6,6,Exp4,15
1328,24,0.68,0,4,6,Exp4,9
1329,24,0.68,0,4,6,Exp4,8
1330,26,0.7,0,4,6,Exp4,15
1331,19,0.73,0,3,6,Exp4,16
1332,25,0.73,0,6,7,Exp4,14
1333,14,0.75,0,4,6,Exp4,14
1334,18,0.76,0,1,6,Exp4,15
1335,20,0.78,0,3,6,Exp4,14
1336,19,0.78,0,3,6,Exp4,11
1337,22,0.8,0,1,6,Exp4,12
1338,17,0.8,0,1,6,Exp4,13
1339,20,0.8,0,1,6,Exp4,13
1340,20,0.8,0,3,6,Exp4,13
1341,15,0.8,0,6,7,Exp4,14
1342,25,0.87,0,6,7,Exp4,16
1343,18,0.89,0,6,7,Exp4,14
1344,26,0.9,0,1,7,Exp4,14
1345,16,0.9,0,1,6,Exp4,13
1346,23,0.9,0,1,6,Exp4,16
1347,20,0.9,0,1,6,Exp4,12
1348,17,0.9,0,1,7,Exp4,14
1349,17,0.9,0,3,6,Exp4,2
1350,8,1,0,1,6,Exp4,9
1351,4,1,0,1,6,Exp4,6
1352,23,1,0,1,7,Exp4,2
1353,17,1,0,1,6,Exp4,11
1354,10,1,0,1,6,Exp4,2
1355,25,1,0,1,6,Exp4,12
1356,11,1,0,1,6,Exp4,15
1357,8,1,0,1,6,Exp4,7
1358,17,1,0,1,7,Exp4,15
1359,11,1,0,1,6,Exp4,12
1360,6,1,0,1,6,Exp4,5
1361,16,1,0,1,6,Exp4,16
1362,26,1,0,2,7,Exp4,2
1363,15,1,0,2,6,Exp4,13
1364,20,1,0,2,7,Exp4,16
1365,26,1,0,2,6,Exp4,13
1366,23,1,0,2,7,Exp4,13
1367,17,1,0,2,6,Exp4,14
1368,26,1,0,2,6,Exp4,2
1369,6,1,0,2,7,Exp4,8
1370,25,1,0,2,6,Exp4,13
1371,21,1,0,2,6,Exp4,9
1372,11,1,0,3,6,Exp4,2
1373,22,1,0,3,6,Exp4,12
1374,18,1,0,3,6,Exp4,15
1375,10,1,0,3,6,Exp4,13
1376,22,1,0,3,6,Exp4,15
1377,19,1,0,3,6,Exp4,15
1378,19,1,0,3,6,Exp4,2
1379,16,1,0,3,6,Exp4,8
1380,21,1,0,3,6,Exp4,16
1381,13,1,0,3,7,Exp4,9
1382,18,1,0,3,7,Exp4,13
1383,2,1,0,3,6,Exp4,13
1384,10,1,0,3,6,Exp4,0
1385,17,1,0,3,6,Exp4,10
1386,18,1,0,3,6,Exp4,9
1387,17,1,0,3,6,Exp4,15
1388,19,1,0,3,6,Exp4,13
1389,18,1,0,3,6,Exp4,9
1390,15,1,0,4,6,Exp4,14
1391,19,1,0,4,6,Exp4,6
1392,12,1,0,4,8,Exp4,11
1393,18,1,0,4,7,Exp4,13
1394,14,1,0,4,7,Exp4,10
1395,16,1,0,4,6,Exp4,11
1396,26,1,0,4,6,Exp4,14
1397,23,1,0,4,7,Exp4,12
1398,18,1,0,4,6,Exp4,4
1399,13,1,0,4,6,Exp4,9
1400,19,1,0,4,6,Exp4,12
1401,26,1,0,4,6,Exp4,15
1402,23,1,0,4,7,Exp4,14
1403,16,1,0,4,6,Exp4,12
1404,15,1,0,4,6,Exp4,14
1405,19,1,0,4,6,Exp4,7
1406,16,1,0,6,6,Exp4,10
1407,17,1,0,6,6,Exp4,11
1408,18,1,0,6,6,Exp4,12
1409,18,1,0,6,6,Exp4,15
1410,18,1,0,6,7,Exp4,16
1411,17,1,0,6,7,Exp4,13
1412,16,1,0,6,6,Exp4,15
1413,22,1,0,6,7,Exp4,12
1414,20,1,0,6,6,Exp4,15
1415,10,1,0,6,7,Exp4,10
1416,23,1,0,6,7,Exp4,16
1417,23,1,0,6,6,Exp4,13
1418,23,1,0,6,7,Exp4,13
1419,18,1,0,6,6,Exp4,12
1420,20,1,0,6,7,Exp4,15
1421,22,1,0,6,8,Exp4,16
1422,16,1,0,6,6,Exp4,5
1423,10,1,0,6,6,Exp4,12
1424,12,1,0,6,7,Exp4,10
1425,20,1,0,6,6,Exp4,11
1426,25,1,0,6,7,Exp4,15
1427,22,1,0,6,6,Exp4,8
1428,17,1,0,6,6,Exp4,13
1429,15,1,0,6,6,Exp4,11
1430,22,1,0,6,7,Exp4,13
1431,22,1,0,6,8,Exp4,13
1432,18,1,0,6,7,Exp4,6
1433,25,1,0,6,7,Exp4,14
1434,18,1,0,6,7,Exp4,13
1435,14,1,0,6,7,Exp4,11
1436,21,1,0,6,6,Exp4,9
1437,26,-1,0,4,7,Exp4,13
1438,25,-1,0,6,7,Exp4,16
1439,16,-1,0,6,7,Exp4,14
1440,17,-0.89,0,4,8,Exp4,12
1441,25,-0.7,0,4,7,Exp4,15
1442,17,-0.53,0,6,7,Exp4,16
1443,26,-0.5,0,4,8,Exp4,15
1444,25,-0.47,0,1,7,Exp4,14
1445,19,-0.44,0,6,7,Exp4,12
1446,24,-0.4,0,6,8,Exp4,15
1447,26,-0.18,0,6,7,Exp4,13
1448,21,-0.11,0,6,8,Exp4,14
1449,24,-0.1,0,6,8,Exp4,15
1450,26,-0.06,0,4,7,Exp4,14
1451,25,0,0,4,8,Exp4,16
1452,26,0,0,4,7,Exp4,14
1453,24,0,0,6,7,Exp4,13
1454,10,0,0,6,7,Exp4,14
1455,25,0.08,0,6,7,Exp4,13
1456,24,0.18,0,4,7,Exp4,14
1457,21,0.2,0,6,7,Exp4,15
1458,24,0.2,0,6,7,Exp4,6
1459,20,0.25,0,1,7,Exp4,13
1460,26,0.26,0,4,7,Exp4,16
1461,25,0.29,0,1,7,Exp4,10
1462,24,0.3,0,6,7,Exp4,9
1463,24,0.33,0,6,7,Exp4,14
1464,17,0.4,0,6,7,Exp4,12
1465,19,0.43,0,1,7,Exp4,11
1466,26,0.44,0,6,8,Exp4,13
1467,5,0.47,0,6,7,Exp4,12
1468,26,0.5,0,4,7,Exp4,12
1469,23,0.5,0,6,7,Exp4,14
1470,20,0.5,0,6,8,Exp4,15
1471,24,0.53,0,6,8,Exp4,15
1472,26,0.53,0,6,7,Exp4,14
1473,25,0.53,0,6,7,Exp4,16
1474,25,0.56,0,6,7,Exp4,14
1475,25,0.58,0,6,7,Exp4,14
1476,15,0.58,0,6,7,Exp4,11
1477,25,0.6,0,4,7,Exp4,13
1478,25,0.6,0,4,8,Exp4,13
1479,20,0.6,0,4,7,Exp4,12
1480,26,0.6,0,4,7,Exp4,12
1481,26,0.6,0,6,7,Exp4,15
1482,26,0.6,0,6,8,Exp4,15
1483,23,0.65,0,1,7,Exp4,13
1484,26,0.67,0,4,7,Exp4,16
1485,25,0.68,0,6,8,Exp4,16
1486,10,0.68,0,6,8,Exp4,14
1487,26,0.68,0,1,8,Exp4,15
1488,25,0.7,0,4,7,Exp4,15
1489,21,0.7,0,6,7,Exp4,14
1490,26,0.7,0,6,8,Exp4,13
1491,26,0.7,0,6,8,Exp4,15
1492,26,0.7,0,6,7,Exp4,14
1493,19,0.7,0,6,7,Exp4,15
1494,23,0.7,0,6,7,Exp4,15
1495,26,0.7,0,1,7,Exp4,13
1496,20,0.75,0,6,7,Exp4,12
1497,25,0.78,0,6,8,Exp4,14
1498,24,0.78,0,6,7,Exp4,14
1499,26,0.78,0,6,7,Exp4,14
1500,26,0.78,0,1,7,Exp4,15
1501,25,0.78,0,1,7,Exp4,14
1502,25,0.79,0,4,7,Exp4,12
1503,22,0.79,0,6,7,Exp4,12
1504,25,0.8,0,4,7,Exp4,15
1505,25,0.8,0,4,8,Exp4,15
1506,25,0.8,0,4,7,Exp4,15
1507,26,0.8,0,4,8,Exp4,11
1508,20,0.8,0,4,7,Exp4,14
1509,24,0.8,0,6,7,Exp4,12
1510,24,0.8,0,6,8,Exp4,15
1511,23,0.8,0,6,7,Exp4,14
1512,26,0.8,0,6,8,Exp4,14
1513,23,0.8,0,6,7,Exp4,14
1514,25,0.8,0,6,8,Exp4,12
1515,23,0.8,0,1,7,Exp4,15
1516,24,0.86,0,6,7,Exp4,15
1517,23,0.87,0,4,7,Exp4,14
1518,23,0.88,0,6,7,Exp4,16
1519,25,0.88,0,1,7,Exp4,15
1520,25,0.88,0,1,8,Exp4,15
1521,25,0.89,0,6,7,Exp4,16
1522,26,0.9,0,4,7,Exp4,12
1523,25,0.9,0,4,8,Exp4,12
1524,23,0.9,0,4,7,Exp4,11
1525,26,0.9,0,4,8,Exp4,16
1526,20,0.9,0,6,7,Exp4,14
1527,23,0.9,0,6,7,Exp4,13
1528,26,0.9,0,6,8,Exp4,14
1529,25,0.9,0,6,8,Exp4,16
1530,23,0.9,0,6,7,Exp4,15
1531,21,0.9,0,6,7,Exp4,15
1532,19,0.9,0,6,7,Exp4,13
1533,24,1,0,4,8,Exp4,16
1534,26,1,0,4,7,Exp4,14
1535,25,1,0,4,8,Exp4,14
1536,21,1,0,4,8,Exp4,14
1537,26,1,0,4,7,Exp4,15
1538,26,1,0,4,8,Exp4,13
1539,26,1,0,4,7,Exp4,16
1540,26,1,0,4,7,Exp4,14
1541,26,1,0,4,8,Exp4,14
1542,26,1,0,4,7,Exp4,14
1543,25,1,0,4,7,Exp4,15
1544,26,1,0,4,7,Exp4,15
1545,24,1,0,4,7,Exp4,14
1546,25,1,0,4,7,Exp4,15
1547,24,1,0,6,7,Exp4,16
1548,16,1,0,6,7,Exp4,15
1549,24,1,0,6,8,Exp4,14
1550,9,1,0,6,7,Exp4,10
1551,25,1,0,6,7,Exp4,11
1552,26,1,0,6,7,Exp4,10
1553,24,1,0,6,7,Exp4,11
1554,25,1,0,6,7,Exp4,12
1555,23,1,0,6,8,Exp4,16
1556,24,1,0,6,7,Exp4,14
1557,24,1,0,6,7,Exp4,15
1558,22,1,0,6,8,Exp4,9
1559,24,1,0,6,7,Exp4,7
1560,24,1,0,6,7,Exp4,14
1561,24,1,0,6,8,Exp4,16
1562,20,1,0,6,7,Exp4,14
1563,26,1,0,6,7,Exp4,16
1564,26,1,0,6,7,Exp4,16
1565,3,1,0,6,7,Exp4,14
1566,12,1,0,6,7,Exp4,6
1567,18,1,0,6,7,Exp4,14
1568,16,1,0,6,7,Exp4,15
1569,26,1,0,1,7,Exp4,15
1570,25,1,0,1,7,Exp4,13
1571,17,1,0,1,7,Exp4,11
1572,26,1,0,1,7,Exp4,14
1573,26,1,0,1,7,Exp4,16
1574,22,1,0,1,7,Exp4,14
1575,25,1,0,1,7,Exp4,12
1576,24,1,0,1,7,Exp4,7
1577,25,1,0,1,7,Exp4,15
1578,14,-0.76,0,3,9,Exp4,7
1579,24,-0.58,0,5,8,Exp4,14
1580,24,-0.5,0,2,9,Exp4,15
1581,23.5,-0.47,0,4,8,Exp4,14
1582,24,-0.47,0,5,8,Exp4,15
1583,25.5,-0.44,0,2,9,Exp4,13
1584,22,-0.4,0,3,8,Exp4,11
1585,24.5,-0.37,0,4,8,Exp4,15
1586,22.5,-0.18,0,2,8,Exp4,13
1587,15,0,0,1,9,Exp4,14
1588,26,0.1,0,3,8,Exp4,12
1589,25.5,0.18,0,1,8,Exp4,14
1590,24.5,0.33,0,5,8,Exp4,13
1591,26,0.37,0,1,8,Exp4,14
1592,24.5,0.37,0,3,9,Exp4,14
1593,24,0.4,0,4,8,Exp4,14
1594,25.5,0.44,0,4,8,Exp4,15
1595,25.5,0.47,0,1,8,Exp4,11
1596,26,0.5,0,1,8,Exp4,16
1597,23.5,0.5,0,2,8,Exp4,16
1598,24.5,0.53,0,4,9,Exp4,11
1599,23.5,0.53,0,2,8,Exp4,15
1600,24,0.53,0,3,10,Exp4,14
1601,24,0.56,0,1,8,Exp4,15
1602,16,0.56,0,3,9,Exp4,9
1603,23,0.58,0,5,9,Exp4,16
1604,25.5,0.6,0,4,8,Exp4,13
1605,23,0.6,0,4,9,Exp4,16
1606,24,0.6,0,2,8,Exp4,14
1607,23.5,0.6,0,2,8,Exp4,16
1608,25,0.6,0,3,8,Exp4,15
1609,26,0.65,0,1,8,Exp4,15
1610,26,0.65,0,1,8,Exp4,16
1611,26,0.65,0,2,9,Exp4,16
1612,24.5,0.65,0,5,8,Exp4,16
1613,26,0.67,0,1,8,Exp4,14
1614,26,0.68,0,1,8,Exp4,15
1615,25.5,0.68,0,1,8,Exp4,15
1616,26,0.68,0,1,8,Exp4,16
1617,25.5,0.68,0,4,8,Exp4,14
1618,25,0.68,0,4,9,Exp4,15
1619,24,0.68,0,4,8,Exp4,16
1620,26,0.68,0,2,9,Exp4,12
1621,23,0.68,0,2,9,Exp4,14
1622,24.5,0.68,0,5,8,Exp4,16
1623,18,0.7,0,1,8,Exp4,15
1624,24,0.7,0,1,8,Exp4,16
1625,26,0.7,0,1,9,Exp4,14
1626,24.5,0.7,0,4,8,Exp4,14
1627,25.5,0.7,0,3,8,Exp4,14
1628,25.5,0.73,0,2,8,Exp4,16
1629,25,0.75,0,2,8,Exp4,15
1630,26,0.78,0,1,8,Exp4,13
1631,25.5,0.78,0,4,8,Exp4,15
1632,25.5,0.78,0,3,9,Exp4,16
1633,26,0.79,0,1,8,Exp4,14
1634,25,0.79,0,4,8,Exp4,15
1635,25,0.79,0,3,9,Exp4,15
1636,24.5,0.8,0,1,8,Exp4,14
1637,25.5,0.8,0,2,8,Exp4,15
1638,25.5,0.8,0,3,8,Exp4,16
1639,24.5,0.8,0,5,8,Exp4,13
1640,23,0.8,0,5,9,Exp4,11
1641,11.5,0.87,0,2,8,Exp4,14
1642,25.5,0.88,0,1,8,Exp4,15
1643,24.5,0.88,0,1,8,Exp4,16
1644,25.5,0.89,0,1,8,Exp4,15
1645,24,0.89,0,1,8,Exp4,14
1646,25,0.89,0,4,8,Exp4,14
1647,24.5,0.89,0,4,8,Exp4,10
1648,24,0.89,0,3,8,Exp4,16
1649,25,0.9,0,4,8,Exp4,14
1650,24.5,0.9,0,4,9,Exp4,13
1651,25.5,0.9,0,4,8,Exp4,13
1652,25,0.9,0,2,8,Exp4,15
1653,24.5,1,0,1,8,Exp4,16
1654,25,1,0,1,9,Exp4,14
1655,15.5,1,0,4,8,Exp4,16
1656,24.5,1,0,4,8,Exp4,16
1657,25.5,1,0,4,8,Exp4,13
1658,24,1,0,4,8,Exp4,14
1659,25,1,0,4,9,Exp4,14
1660,26,1,0,4,8,Exp4,15
1661,24,1,0,4,8,Exp4,14
1662,23,1,0,4,9,Exp4,15
1663,25,1,0,4,8,Exp4,14
1664,26,1,0,2,8,Exp4,14
1665,24,1,0,2,9,Exp4,16
1666,19.5,1,0,2,9,Exp4,12
1667,20.5,1,0,3,8,Exp4,15
1668,20.5,1,0,3,8,Exp4,16
1669,24,1,0,3,8,Exp4,15
1670,21,1,0,3,8,Exp4,14
1671,24,1,0,5,9,Exp4,16
1672,25.5,1,0,5,8,Exp4,16
1673,23,1,0,5,9,Exp4,13
1674,8,-1,1,3,14,Exp5,17
1675,9,-1,1,3,15,Exp5,16
1676,10,-1,1,3,15,Exp5,8
1677,7,-0.89,1,3,14,Exp5,9
1678,8,-0.89,1,1,15,Exp5,11
1679,5,-0.8,1,1,14,Exp5,13
1680,7,-0.8,1,3,15,Exp5,19
1681,7,-0.8,1,1,14,Exp5,13
1682,8,-0.79,1,1,14,Exp5,21
1683,9,-0.78,1,3,15,Exp5,7
1684,6.5,-0.7,1,3,15,Exp5,13
1685,7,-0.68,1,3,15,Exp5,14
1686,6.5,-0.65,1,3,15,Exp5,2
1687,8,-0.65,1,3,14,Exp5,14
1688,7.5,-0.63,1,3,14,Exp5,14
1689,5.5,-0.5,1,3,15,Exp5,10
1690,5,-0.38,1,1,15,Exp5,5
1691,4,-0.29,1,1,14,Exp5,15
1692,5.5,-0.26,1,1,14,Exp5,7
1693,2,-0.14,1,2,14,Exp5,16
1694,5.5,-0.11,1,1,14,Exp5,10
1695,6,-0.1,1,1,14,Exp5,18
1696,10,-0.07,1,3,14,Exp5,13
1697,4.5,-0.05,1,3,14,Exp5,20
1698,4.5,0,1,1,14,Exp5,9
1699,3,0.11,1,2,15,Exp5,12
1700,1.5,0.2,1,2,15,Exp5,15
1701,5.5,0.2,1,3,14,Exp5,12
1702,5.5,0.25,1,3,15,Exp5,6
1703,6,0.25,1,3,14,Exp5,20
1704,5.5,0.26,1,1,14,Exp5,20
1705,5,0.29,1,3,15,Exp5,17
1706,6,0.29,1,3,14,Exp5,21
1707,8,0.29,1,3,14,Exp5,8
1708,3.5,0.3,1,3,14,Exp5,2
1709,0,0.33,1,1,14,Exp5,8
1710,4,0.33,1,2,16,Exp5,10
1711,7,0.33,1,3,15,Exp5,7
1712,9,0.33,1,3,16,Exp5,20
1713,6,0.37,1,3,14,Exp5,15
1714,7,0.37,1,3,15,Exp5,20
1715,8,0.37,1,1,16,Exp5,9
1716,5.5,0.38,1,3,15,Exp5,5
1717,5.5,0.4,1,1,14,Exp5,13
1718,2.5,0.41,1,2,15,Exp5,6
1719,6,0.41,1,2,17,Exp5,6
1720,7,0.43,1,3,14,Exp5,8
1721,7,0.44,1,3,15,Exp5,12
1722,9,0.44,1,3,15,Exp5,14
1723,8,0.47,1,1,15,Exp5,17
1724,4,0.5,1,3,14,Exp5,6
1725,9,0.5,1,3,16,Exp5,18
1726,1,0.53,1,2,14,Exp5,10
1727,1.5,0.53,1,3,15,Exp5,3
1728,3.5,0.53,1,2,16,Exp5,6
1729,4,0.53,1,3,16,Exp5,7
1730,6,0.53,1,3,14,Exp5,18
1731,6.5,0.53,1,3,15,Exp5,13
1732,8,0.53,1,2,14,Exp5,12
1733,8,0.53,1,2,15,Exp5,14
1734,4,0.56,1,1,15,Exp5,11
1735,9,0.56,1,3,14,Exp5,13
1736,0.5,0.58,1,2,15,Exp5,5
1737,5,0.58,1,3,14,Exp5,6
1738,6.5,0.58,1,1,14,Exp5,18
1739,7,0.58,1,3,16,Exp5,13
1740,4.5,0.6,1,2,14,Exp5,3
1741,5,0.6,1,3,15,Exp5,10
1742,5.5,0.6,1,3,14,Exp5,5
1743,6,0.6,1,3,16,Exp5,15
1744,6.5,0.6,1,2,14,Exp5,15
1745,9,0.6,1,3,14,Exp5,14
1746,8.5,0.63,1,3,15,Exp5,13
1747,9,0.63,1,1,15,Exp5,19
1748,8,0.64,1,3,15,Exp5,20
1749,5,0.65,1,3,14,Exp5,23
1750,5,0.65,1,3,14,Exp5,10
1751,5,0.65,1,1,14,Exp5,8
1752,6.5,0.65,1,3,14,Exp5,5
1753,7.5,0.65,1,1,14,Exp5,11
1754,8,0.65,1,3,14,Exp5,22
1755,8,0.65,1,3,15,Exp5,14
1756,8.5,0.65,1,3,14,Exp5,19
1757,4.5,0.67,1,3,14,Exp5,13
1758,5,0.67,1,2,14,Exp5,23
1759,6,0.67,1,2,15,Exp5,6
1760,8,0.67,1,3,15,Exp5,14
1761,9,0.67,1,3,15,Exp5,23
1762,2,0.68,1,1,14,Exp5,5
1763,2.5,0.68,1,2,16,Exp5,9
1764,4,0.68,1,3,16,Exp5,13
1765,7,0.68,1,3,14,Exp5,5
1766,8,0.69,1,1,14,Exp5,7
1767,1.5,0.7,1,1,14,Exp5,4
1768,4,0.7,1,3,15,Exp5,5
1769,4.5,0.7,1,2,14,Exp5,6
1770,6,0.7,1,3,15,Exp5,7
1771,6,0.7,1,3,15,Exp5,10
1772,6.5,0.7,1,3,14,Exp5,6
1773,7,0.7,1,3,15,Exp5,7
1774,7,0.7,1,1,15,Exp5,7
1775,8,0.7,1,1,15,Exp5,17
1776,8,0.7,1,3,14,Exp5,15
1777,5,0.71,1,1,14,Exp5,0
1778,6,0.73,1,3,15,Exp5,19
1779,10,0.73,1,3,14,Exp5,16
1780,3.5,0.76,1,2,16,Exp5,6
1781,5.5,0.76,1,3,15,Exp5,7
1782,6,0.76,1,1,14,Exp5,20
1783,6,0.76,1,3,14,Exp5,21
1784,6.5,0.76,1,3,14,Exp5,9
1785,7.5,0.76,1,3,14,Exp5,10
1786,8,0.76,1,2,14,Exp5,8
1787,8,0.76,1,3,15,Exp5,11
1788,8.5,0.76,1,2,15,Exp5,7
1789,2,0.78,1,2,15,Exp5,13
1790,4.5,0.78,1,3,14,Exp5,6
1791,6,0.78,1,1,15,Exp5,18
1792,6.5,0.78,1,1,15,Exp5,6
1793,3.5,0.79,1,3,14,Exp5,6
1794,4.5,0.79,1,3,14,Exp5,12
1795,4.5,0.79,1,1,14,Exp5,13
1796,5,0.79,1,2,16,Exp5,15
1797,5,0.79,1,2,15,Exp5,16
1798,7,0.79,1,3,14,Exp5,15
1799,7,0.79,1,3,16,Exp5,7
1800,7,0.79,1,3,14,Exp5,9
1801,7.5,0.79,1,1,15,Exp5,10
1802,8,0.79,1,3,16,Exp5,10
1803,2.5,0.8,1,2,14,Exp5,1
1804,2.5,0.8,1,1,14,Exp5,10
1805,2.5,0.8,1,3,17,Exp5,4
1806,3,0.8,1,1,14,Exp5,3
1807,4,0.8,1,3,14,Exp5,12
1808,4.5,0.8,1,2,15,Exp5,8
1809,5,0.8,1,3,15,Exp5,17
1810,5.5,0.8,1,1,15,Exp5,9
1811,5.5,0.8,1,3,15,Exp5,8
1812,7,0.8,1,3,14,Exp5,5
1813,8,0.8,1,1,14,Exp5,9
1814,8,0.8,1,3,14,Exp5,17
1815,10,0.8,1,3,15,Exp5,16
1816,7,0.86,1,3,16,Exp5,17
1817,8,0.86,1,1,15,Exp5,10
1818,5.5,0.87,1,3,15,Exp5,4
1819,4.5,0.88,1,3,14,Exp5,11
1820,5.5,0.88,1,3,14,Exp5,13
1821,8,0.88,1,3,15,Exp5,9
1822,10,0.88,1,3,15,Exp5,16
1823,3,0.88,1,1,14,Exp5,11
1824,5.5,0.88,1,2,14,Exp5,14
1825,6,0.88,1,3,16,Exp5,19
1826,10,0.88,1,3,15,Exp5,12
1827,5,0.89,1,1,15,Exp5,15
1828,6,0.89,1,3,14,Exp5,10
1829,6,0.89,1,1,15,Exp5,5
1830,6,0.89,1,1,14,Exp5,17
1831,7,0.89,1,3,15,Exp5,13
1832,8,0.89,1,3,14,Exp5,18
1833,4.5,0.89,1,3,15,Exp5,11
1834,5,0.89,1,3,14,Exp5,15
1835,5,0.89,1,1,15,Exp5,11
1836,5.5,0.89,1,2,15,Exp5,3
1837,6,0.89,1,3,17,Exp5,7
1838,7,0.89,1,2,15,Exp5,19
1839,7,0.89,1,3,16,Exp5,18
1840,9,0.89,1,3,16,Exp5,23
1841,2.5,0.9,1,2,15,Exp5,9
1842,3,0.9,1,2,16,Exp5,6
1843,5,0.9,1,3,14,Exp5,20
1844,6.5,0.9,1,3,14,Exp5,8
1845,7,0.9,1,1,15,Exp5,7
1846,7,0.9,1,1,14,Exp5,16
1847,7,0.9,1,1,14,Exp5,18
1848,10,0.9,1,3,15,Exp5,24
1849,1.5,1,1,2,15,Exp5,3
1850,2.5,1,1,2,16,Exp5,9
1851,3,1,1,1,14,Exp5,5
1852,3.5,1,1,1,14,Exp5,8
1853,4,1,1,1,14,Exp5,7
1854,4.5,1,1,3,14,Exp5,2
1855,4.5,1,1,1,14,Exp5,15
1856,5,1,1,2,14,Exp5,7
1857,5,1,1,1,16,Exp5,16
1858,5,1,1,1,14,Exp5,7
1859,5,1,1,3,14,Exp5,17
1860,5,1,1,1,14,Exp5,4
1861,5.5,1,1,1,14,Exp5,17
1862,5.5,1,1,3,15,Exp5,4
1863,5.5,1,1,1,15,Exp5,11
1864,5.5,1,1,1,14,Exp5,8
1865,5.5,1,1,3,14,Exp5,9
1866,6,1,1,1,16,Exp5,19
1867,6,1,1,3,14,Exp5,6
1868,6,1,1,1,14,Exp5,12
1869,6,1,1,3,14,Exp5,14
1870,6,1,1,3,15,Exp5,17
1871,6,1,1,3,16,Exp5,14
1872,6,1,1,2,15,Exp5,9
1873,6,1,1,3,14,Exp5,14
1874,6,1,1,3,15,Exp5,12
1875,6.5,1,1,3,14,Exp5,5
1876,7,1,1,1,15,Exp5,7
1877,7,1,1,3,14,Exp5,5
1878,7,1,1,3,16,Exp5,7
1879,8,1,1,1,15,Exp5,15
1880,8,1,1,2,16,Exp5,19
1881,8,1,1,3,14,Exp5,14
1882,8,1,1,3,15,Exp5,20
1883,8,1,1,1,15,Exp5,4
1884,10,1,1,3,15,Exp5,14
1885,6,-1,0,3,15,Exp5,2
1886,6.5,-1,0,3,14,Exp5,11
1887,7,-1,0,1,14,Exp5,7
1888,7,-1,0,3,14,Exp5,3
1889,4.5,-0.9,0,1,14,Exp5,8
1890,6,-0.89,0,3,15,Exp5,6
1891,7,-0.89,0,1,15,Exp5,11
1892,4,-0.8,0,2,15,Exp5,7
1893,4,-0.78,0,2,16,Exp5,8
1894,7.5,-0.73,0,3,15,Exp5,10
1895,4,-0.68,0,1,14,Exp5,13
1896,4.5,-0.68,0,1,16,Exp5,11
1897,4,-0.65,0,2,16,Exp5,2
1898,4.5,-0.64,0,2,15,Exp5,6
1899,6,-0.6,0,3,14,Exp5,13
1900,6,-0.54,0,3,15,Exp5,7
1901,3.5,-0.47,0,3,14,Exp5,10
1902,4.5,-0.43,0,1,14,Exp5,8
1903,7.5,-0.4,0,2,15,Exp5,3
1904,7,-0.29,0,3,15,Exp5,8
1905,6,-0.26,0,1,14,Exp5,5
1906,7,-0.25,0,1,14,Exp5,9
1907,1.5,-0.22,0,1,15,Exp5,5
1908,4.5,-0.22,0,1,15,Exp5,5
1909,9,-0.22,0,2,16,Exp5,5
1910,2,-0.18,0,2,15,Exp5,4
1911,9.5,-0.16,0,1,14,Exp5,9
1912,8,-0.14,0,1,14,Exp5,9
1913,4.5,-0.11,0,2,15,Exp5,7
1914,8,-0.1,0,3,16,Exp5,8
1915,5,0,0,2,16,Exp5,7
1916,7,0.11,0,2,14,Exp5,4
1917,2.5,0.17,0,1,14,Exp5,4
1918,5.5,0.2,0,3,14,Exp5,12
1919,6,0.2,0,2,14,Exp5,17
1920,6,0.2,0,1,14,Exp5,15
1921,0.5,0.22,0,1,14,Exp5,6
1922,2,0.22,0,1,14,Exp5,5
1923,5.5,0.22,0,2,15,Exp5,15
1924,5.5,0.22,0,3,14,Exp5,9
1925,6,0.22,0,3,15,Exp5,14
1926,1.5,0.23,0,2,14,Exp5,5
1927,6.5,0.23,0,3,15,Exp5,6
1928,4.5,0.26,0,1,14,Exp5,6
1929,5.5,0.26,0,2,15,Exp5,11
1930,9,0.26,0,3,16,Exp5,14
1931,3.5,0.29,0,2,14,Exp5,8
1932,4,0.29,0,1,14,Exp5,11
1933,5,0.29,0,3,14,Exp5,12
1934,5,0.29,0,1,14,Exp5,15
1935,6,0.29,0,2,14,Exp5,3
1936,8,0.33,0,3,14,Exp5,20
1937,4,0.37,0,2,14,Exp5,23
1938,2.5,0.4,0,2,15,Exp5,3
1939,5.5,0.4,0,1,14,Exp5,2
1940,6,0.4,0,1,15,Exp5,12
1941,6,0.4,0,2,16,Exp5,0
1942,6,0.41,0,1,14,Exp5,10
1943,8,0.41,0,1,16,Exp5,8
1944,9,0.41,0,3,16,Exp5,9
1945,5,0.43,0,3,15,Exp5,8
1946,6,0.43,0,3,16,Exp5,3
1947,5,0.44,0,2,15,Exp5,10
1948,8,0.44,0,3,14,Exp5,13
1949,8,0.44,0,1,15,Exp5,5
1950,6.5,0.47,0,2,15,Exp5,15
1951,8,0.47,0,3,14,Exp5,8
1952,8,0.47,0,1,14,Exp5,6
1953,3,0.47,0,2,15,Exp5,2
1954,3,0.47,0,2,16,Exp5,5
1955,6.5,0.47,0,3,15,Exp5,9
1956,5,0.5,0,1,14,Exp5,6
1957,6,0.5,0,1,14,Exp5,12
1958,7,0.5,0,2,16,Exp5,8
1959,5,0.53,0,1,16,Exp5,11
1960,7,0.53,0,1,15,Exp5,13
1961,7,0.53,0,2,14,Exp5,6
1962,2.5,0.56,0,1,14,Exp5,9
1963,2.5,0.56,0,1,14,Exp5,2
1964,3,0.56,0,2,14,Exp5,10
1965,3.5,0.56,0,2,15,Exp5,17
1966,4,0.56,0,2,16,Exp5,6
1967,4,0.56,0,1,14,Exp5,3
1968,4,0.56,0,3,14,Exp5,10
1969,4,0.56,0,2,15,Exp5,11
1970,4.5,0.56,0,2,14,Exp5,11
1971,4.5,0.56,0,1,14,Exp5,17
1972,5,0.56,0,1,14,Exp5,1
1973,5.5,0.56,0,2,14,Exp5,3
1974,6.5,0.56,0,2,15,Exp5,9
1975,7,0.56,0,1,14,Exp5,13
1976,7,0.56,0,3,14,Exp5,6
1977,9,0.56,0,3,15,Exp5,12
1978,2.5,0.58,0,2,16,Exp5,5
1979,3,0.58,0,1,15,Exp5,9
1980,3.5,0.58,0,2,15,Exp5,5
1981,5,0.58,0,3,15,Exp5,14
1982,2,0.6,0,1,15,Exp5,7
1983,4,0.6,0,1,14,Exp5,7
1984,4.5,0.6,0,1,14,Exp5,9
1985,5,0.6,0,1,14,Exp5,5
1986,6,0.6,0,3,15,Exp5,3
1987,7,0.6,0,2,14,Exp5,3
1988,7,0.6,0,3,15,Exp5,3
1989,5,0.63,0,1,14,Exp5,6
1990,5.5,0.63,0,1,15,Exp5,20
1991,7,0.63,0,2,15,Exp5,18
1992,7,0.63,0,2,16,Exp5,3
1993,9,0.63,0,3,16,Exp5,10
1994,9,0.63,0,3,14,Exp5,8
1995,2.5,0.65,0,2,15,Exp5,3
1996,3.5,0.65,0,1,14,Exp5,12
1997,3.5,0.65,0,2,15,Exp5,8
1998,5,0.65,0,1,14,Exp5,3
1999,5.5,0.65,0,1,15,Exp5,8
2000,6,0.65,0,1,14,Exp5,11
2001,6,0.65,0,3,14,Exp5,10
2002,6.5,0.65,0,1,15,Exp5,7
2003,7,0.65,0,2,15,Exp5,15
2004,9,0.65,0,3,16,Exp5,22
2005,10,0.65,0,3,14,Exp5,7
2006,2,0.67,0,2,15,Exp5,3
2007,2.5,0.67,0,2,14,Exp5,5
2008,3.5,0.67,0,2,15,Exp5,6
2009,4,0.67,0,2,16,Exp5,0
2010,4.5,0.67,0,2,14,Exp5,2
2011,5,0.67,0,1,14,Exp5,9
2012,6,0.67,0,2,15,Exp5,7
2013,6,0.67,0,2,14,Exp5,4
2014,8,0.67,0,1,14,Exp5,3
2015,8.5,0.67,0,3,14,Exp5,15
2016,1,0.68,0,2,15,Exp5,6
2017,2.5,0.68,0,2,16,Exp5,7
2018,2.5,0.68,0,1,14,Exp5,3
2019,3,0.68,0,2,14,Exp5,11
2020,3.5,0.68,0,1,14,Exp5,6
2021,5,0.68,0,3,14,Exp5,11
2022,5.5,0.68,0,1,14,Exp5,12
2023,5.5,0.68,0,2,15,Exp5,10
2024,5.5,0.68,0,1,14,Exp5,10
2025,5.5,0.68,0,2,16,Exp5,2
2026,5.5,0.68,0,1,14,Exp5,15
2027,6,0.68,0,2,15,Exp5,8
2028,7,0.68,0,3,15,Exp5,14
2029,1.5,0.7,0,1,14,Exp5,2
2030,2,0.7,0,2,14,Exp5,3
2031,3,0.7,0,1,14,Exp5,2
2032,3.5,0.7,0,2,14,Exp5,9
2033,3.5,0.7,0,2,16,Exp5,2
2034,3.5,0.7,0,2,14,Exp5,4
2035,3.5,0.7,0,2,15,Exp5,6
2036,4.5,0.7,0,2,14,Exp5,4
2037,5,0.7,0,1,15,Exp5,2
2038,5,0.7,0,2,15,Exp5,2
2039,5,0.7,0,1,14,Exp5,15
2040,5,0.7,0,2,15,Exp5,13
2041,6,0.7,0,2,15,Exp5,7
2042,6.5,0.7,0,2,17,Exp5,6
2043,5,0.71,0,1,14,Exp5,6
2044,7,0.71,0,3,15,Exp5,6
2045,2,0.73,0,2,14,Exp5,8
2046,6,0.73,0,1,14,Exp5,6
2047,6,0.73,0,2,15,Exp5,11
2048,6.5,0.73,0,2,15,Exp5,4
2049,8,0.73,0,1,15,Exp5,11
2050,2,0.75,0,2,15,Exp5,11
2051,2.5,0.75,0,2,15,Exp5,4
2052,3.5,0.75,0,1,14,Exp5,14
2053,5,0.75,0,1,16,Exp5,6
2054,5,0.75,0,3,15,Exp5,1
2055,5.5,0.75,0,1,14,Exp5,4
2056,6.5,0.75,0,2,16,Exp5,9
2057,8,0.75,0,1,15,Exp5,12
2058,8,0.75,0,1,15,Exp5,11
2059,9,0.75,0,3,14,Exp5,16
2060,1.5,0.76,0,1,15,Exp5,5
2061,2.5,0.76,0,1,14,Exp5,6
2062,2.5,0.76,0,1,14,Exp5,7
2063,2.5,0.76,0,2,16,Exp5,13
2064,3,0.76,0,1,14,Exp5,5
2065,4,0.76,0,2,14,Exp5,6
2066,4,0.76,0,2,15,Exp5,10
2067,5,0.76,0,2,15,Exp5,4
2068,6.5,0.76,0,2,14,Exp5,8
2069,7.5,0.76,0,1,15,Exp5,5
2070,8.5,0.76,0,2,14,Exp5,9
2071,9,0.76,0,1,16,Exp5,10
2072,9,0.76,0,3,15,Exp5,13
2073,1,0.78,0,2,15,Exp5,2
2074,2.5,0.78,0,2,15,Exp5,5
2075,3,0.78,0,2,15,Exp5,8
2076,3,0.78,0,2,16,Exp5,7
2077,3,0.78,0,1,14,Exp5,14
2078,3.5,0.78,0,1,15,Exp5,2
2079,4.5,0.78,0,1,14,Exp5,5
2080,4.5,0.78,0,1,16,Exp5,6
2081,4.5,0.78,0,2,15,Exp5,11
2082,5,0.78,0,2,15,Exp5,7
2083,5,0.78,0,3,15,Exp5,3
2084,5.5,0.78,0,2,14,Exp5,8
2085,6,0.78,0,1,14,Exp5,5
2086,6.5,0.78,0,2,15,Exp5,8
2087,7,0.78,0,2,14,Exp5,5
2088,8,0.78,0,1,16,Exp5,17
2089,3.5,0.79,0,2,15,Exp5,18
2090,4,0.79,0,3,16,Exp5,4
2091,4,0.79,0,2,15,Exp5,3
2092,4.5,0.79,0,2,15,Exp5,10
2093,5,0.79,0,2,15,Exp5,15
2094,5,0.79,0,3,14,Exp5,7
2095,5,0.79,0,1,14,Exp5,4
2096,5,0.79,0,2,14,Exp5,13
2097,6,0.79,0,1,14,Exp5,12
2098,6,0.79,0,2,14,Exp5,6
2099,6,0.79,0,2,14,Exp5,18
2100,6,0.79,0,3,14,Exp5,16
2101,6,0.79,0,1,14,Exp5,10
2102,6.5,0.79,0,3,14,Exp5,7
2103,7,0.79,0,2,15,Exp5,12
2104,9,0.79,0,2,15,Exp5,13
2105,2.5,0.8,0,2,15,Exp5,4
2106,2.5,0.8,0,2,16,Exp5,5
2107,2.5,0.8,0,2,16,Exp5,7
2108,3.5,0.8,0,2,17,Exp5,6
2109,3.5,0.8,0,2,15,Exp5,13
2110,3.5,0.8,0,1,15,Exp5,7
2111,4,0.8,0,3,15,Exp5,10
2112,4.5,0.8,0,2,14,Exp5,6
2113,4.5,0.8,0,2,14,Exp5,8
2114,4.5,0.8,0,2,14,Exp5,5
2115,5,0.8,0,1,15,Exp5,9
2116,5,0.8,0,2,15,Exp5,6
2117,6,0.8,0,2,16,Exp5,8
2118,6,0.8,0,2,15,Exp5,10
2119,6,0.8,0,1,14,Exp5,12
2120,6.5,0.8,0,3,14,Exp5,8
2121,6.5,0.8,0,3,14,Exp5,11
2122,7,0.8,0,2,15,Exp5,11
2123,7,0.8,0,3,14,Exp5,8
2124,8,0.8,0,3,14,Exp5,8
2125,2.5,0.83,0,2,14,Exp5,11
2126,2,0.86,0,2,15,Exp5,3
2127,4,0.87,0,1,14,Exp5,11
2128,4.5,0.87,0,2,14,Exp5,15
2129,5,0.87,0,1,14,Exp5,3
2130,6.5,0.87,0,1,14,Exp5,11
2131,10,0.87,0,3,15,Exp5,13
2132,10,0.87,0,3,16,Exp5,6
2133,3,0.88,0,1,14,Exp5,4
2134,4,0.88,0,1,15,Exp5,12
2135,8,0.88,0,1,14,Exp5,8
2136,9,0.88,0,3,15,Exp5,2
2137,1,0.88,0,2,14,Exp5,9
2138,3,0.88,0,2,17,Exp5,5
2139,5,0.88,0,2,14,Exp5,10
2140,5,0.88,0,2,17,Exp5,5
2141,5.5,0.88,0,2,17,Exp5,11
2142,6,0.88,0,2,15,Exp5,3
2143,6.5,0.88,0,1,14,Exp5,8
2144,6.5,0.88,0,1,14,Exp5,9
2145,8,0.88,0,1,14,Exp5,17
2146,8,0.88,0,1,15,Exp5,12
2147,9,0.88,0,3,15,Exp5,10
2148,2,0.89,0,2,14,Exp5,7
2149,4,0.89,0,2,14,Exp5,12
2150,4,0.89,0,1,14,Exp5,4
2151,4,0.89,0,1,14,Exp5,4
2152,4.5,0.89,0,3,14,Exp5,16
2153,5,0.89,0,2,16,Exp5,3
2154,5,0.89,0,2,15,Exp5,16
2155,5,0.89,0,2,15,Exp5,6
2156,5,0.89,0,1,15,Exp5,6
2157,5,0.89,0,3,16,Exp5,4
2158,5,0.89,0,2,15,Exp5,15
2159,5.5,0.89,0,2,15,Exp5,14
2160,7,0.89,0,1,14,Exp5,5
2161,7,0.89,0,1,16,Exp5,9
2162,8,0.89,0,1,14,Exp5,13
2163,8,0.89,0,2,15,Exp5,17
2164,9,0.89,0,1,14,Exp5,9
2165,2,0.89,0,2,15,Exp5,3
2166,4.5,0.89,0,2,16,Exp5,1
2167,5,0.89,0,1,14,Exp5,16
2168,5.5,0.89,0,2,14,Exp5,13
2169,5.5,0.89,0,3,14,Exp5,1
2170,6,0.89,0,2,16,Exp5,9
2171,6,0.89,0,2,15,Exp5,11
2172,6,0.89,0,3,14,Exp5,8
2173,6,0.89,0,1,15,Exp5,3
2174,6,0.89,0,1,14,Exp5,16
2175,6,0.89,0,3,15,Exp5,14
2176,6.5,0.89,0,3,14,Exp5,2
2177,6.5,0.89,0,1,15,Exp5,9
2178,6.5,0.89,0,1,14,Exp5,4
2179,7,0.89,0,2,16,Exp5,6
2180,7,0.89,0,3,14,Exp5,6
2181,7.5,0.89,0,2,15,Exp5,10
2182,1,0.9,0,2,14,Exp5,6
2183,1.5,0.9,0,2,16,Exp5,3
2184,2.5,0.9,0,1,14,Exp5,0
2185,3.5,0.9,0,2,15,Exp5,11
2186,3.5,0.9,0,2,14,Exp5,5
2187,4,0.9,0,2,15,Exp5,8
2188,4,0.9,0,2,14,Exp5,5
2189,4,0.9,0,3,14,Exp5,6
2190,4.5,0.9,0,2,14,Exp5,1
2191,4.5,0.9,0,2,15,Exp5,3
2192,5,0.9,0,2,15,Exp5,4
2193,5.5,0.9,0,1,14,Exp5,13
2194,5.5,0.9,0,1,14,Exp5,8
2195,6,0.9,0,1,14,Exp5,8
2196,6,0.9,0,2,15,Exp5,7
2197,6.5,0.9,0,2,16,Exp5,2
2198,7,0.9,0,2,14,Exp5,14
2199,10,0.9,0,2,16,Exp5,21
2200,1.5,1,0,2,14,Exp5,2
2201,1.5,1,0,2,14,Exp5,8
2202,1.5,1,0,2,15,Exp5,2
2203,1.5,1,0,2,15,Exp5,5
2204,2,1,0,2,16,Exp5,5
2205,2,1,0,1,15,Exp5,8
2206,2,1,0,2,15,Exp5,4
2207,2,1,0,2,15,Exp5,3
2208,2,1,0,2,15,Exp5,11
2209,2.5,1,0,2,14,Exp5,2
2210,2.5,1,0,2,14,Exp5,3
2211,2.5,1,0,2,17,Exp5,11
2212,2.5,1,0,2,14,Exp5,2
2213,2.5,1,0,2,14,Exp5,8
2214,2.5,1,0,2,14,Exp5,6
2215,3,1,0,1,14,Exp5,10
2216,3,1,0,2,15,Exp5,1
2217,3,1,0,2,14,Exp5,1
2218,3,1,0,1,14,Exp5,13
2219,3,1,0,2,15,Exp5,5
2220,3,1,0,2,15,Exp5,5
2221,3,1,0,2,15,Exp5,7
2222,3,1,0,2,14,Exp5,2
2223,3,1,0,1,15,Exp5,5
2224,3,1,0,1,15,Exp5,6
2225,3,1,0,1,15,Exp5,2
2226,3,1,0,2,16,Exp5,10
2227,3.5,1,0,1,15,Exp5,9
2228,3.5,1,0,2,15,Exp5,6
2229,3.5,1,0,1,14,Exp5,9
2230,3.5,1,0,2,15,Exp5,11
2231,3.5,1,0,3,16,Exp5,9
2232,3.5,1,0,1,16,Exp5,7
2233,3.5,1,0,2,17,Exp5,3
2234,3.5,1,0,2,14,Exp5,8
2235,4,1,0,1,15,Exp5,10
2236,4,1,0,2,16,Exp5,5
2237,4,1,0,2,14,Exp5,6
2238,4,1,0,1,14,Exp5,6
2239,4,1,0,2,16,Exp5,9
2240,4,1,0,2,15,Exp5,16
2241,4,1,0,3,16,Exp5,7
2242,4,1,0,2,15,Exp5,13
2243,4,1,0,1,15,Exp5,5
2244,4,1,0,2,16,Exp5,1
2245,4.5,1,0,1,14,Exp5,4
2246,4.5,1,0,1,14,Exp5,4
2247,4.5,1,0,2,15,Exp5,3
2248,4.5,1,0,2,14,Exp5,6
2249,4.5,1,0,3,14,Exp5,8
2250,4.5,1,0,1,14,Exp5,8
2251,4.5,1,0,2,15,Exp5,18
2252,4.5,1,0,1,14,Exp5,3
2253,5,1,0,2,15,Exp5,13
2254,5,1,0,2,15,Exp5,13
2255,5,1,0,3,14,Exp5,10
2256,5,1,0,1,15,Exp5,6
2257,5,1,0,1,14,Exp5,3
2258,5,1,0,2,14,Exp5,7
2259,5,1,0,2,14,Exp5,4
2260,5,1,0,1,15,Exp5,11
2261,5,1,0,3,15,Exp5,15
2262,5,1,0,3,14,Exp5,3
2263,5.5,1,0,2,15,Exp5,5
2264,5.5,1,0,1,14,Exp5,12
2265,5.5,1,0,2,16,Exp5,6
2266,5.5,1,0,3,14,Exp5,13
2267,5.5,1,0,1,14,Exp5,6
2268,5.5,1,0,1,15,Exp5,1
2269,6,1,0,1,15,Exp5,7
2270,6,1,0,1,15,Exp5,14
2271,6,1,0,1,14,Exp5,6
2272,6,1,0,2,15,Exp5,11
2273,6,1,0,3,15,Exp5,4
2274,6,1,0,2,15,Exp5,5
2275,6,1,0,2,16,Exp5,7
2276,6,1,0,3,15,Exp5,7
2277,6,1,0,2,15,Exp5,9
2278,6,1,0,2,15,Exp5,7
2279,6,1,0,3,17,Exp5,15
2280,6,1,0,3,15,Exp5,4
2281,6,1,0,1,14,Exp5,16
2282,6,1,0,2,15,Exp5,4
2283,6.5,1,0,1,14,Exp5,8
2284,6.5,1,0,2,15,Exp5,5
2285,6.5,1,0,2,15,Exp5,13
2286,6.5,1,0,1,16,Exp5,8
2287,6.5,1,0,2,16,Exp5,4
2288,6.5,1,0,1,15,Exp5,5
2289,6.5,1,0,3,14,Exp5,7
2290,7,1,0,1,15,Exp5,12
2291,7,1,0,1,15,Exp5,14
2292,7,1,0,1,15,Exp5,4
2293,7,1,0,1,16,Exp5,4
2294,7,1,0,1,15,Exp5,19
2295,7,1,0,3,15,Exp5,9
2296,7,1,0,2,16,Exp5,0
2297,7,1,0,3,15,Exp5,8
2298,7,1,0,1,14,Exp5,4
2299,7,1,0,2,15,Exp5,11
2300,7,1,0,2,16,Exp5,8
2301,7,1,0,3,15,Exp5,3
2302,7,1,0,1,14,Exp5,6
2303,7.5,1,0,2,15,Exp5,13
2304,7.5,1,0,2,14,Exp5,5
2305,7.5,1,0,2,15,Exp5,7
2306,8,1,0,1,14,Exp5,14
2307,8,1,0,3,15,Exp5,19
2308,8.5,1,0,1,15,Exp5,13
2309,9,1,0,1,15,Exp5,4
2310,9,1,0,3,14,Exp5,12
2311,9,1,0,3,15,Exp5,12
2312,9,1,0,1,16,Exp5,10
2313,9,1,0,1,14,Exp5,11
2314,10,1,0,1,14,Exp5,12
